Season,Competition,Date,Venue,Club,Opponent,Minute,At_score,Type,Goal_assist,Comunidad,Score home,Score visitant
04/05,LaLiga,01-05-2005,H,FC Barcelona,Albacete Balompie,90+1,2-00,Left-footed shot,Ronaldinho Gaacho,Castilla La Mancha,2,0
05/06,UEFA Champions League,02-11-2005,H,FC Barcelona,Panathinaikos Athens,34,3-00,Left-footed shot,,Atenas,5,0
10/11,UEFA Champions League,14-09-2010,H,FC Barcelona,Panathinaikos Athens,22,1-01,Left-footed shot,Xavi,Atenas,5,1
10/11,UEFA Champions League,14-09-2010,H,FC Barcelona,Panathinaikos Athens,45,3-01,Left-footed shot,Pedro,Atenas,5,1
10/11,UEFA Champions League,24-11-2010,A,FC Barcelona,Panathinaikos Athens,63,0-02,Left-footed shot,Adriano,Atenas,0,3
05/06,LaLiga,27-11-2005,H,FC Barcelona,Racing Santander,51,2-00,Left-footed shot,Samuel Etoo,Cantabria,4,1
08/09,LaLiga,13-09-2008,H,FC Barcelona,Racing Santander,70,1-00,Penalty,,Cantabria,1,1
08/09,LaLiga,01-02-2009,A,FC Barcelona,Racing Santander,65,1-01,Right-footed shot,Xavi,Cantabria,1,2
08/09,LaLiga,01-02-2009,A,FC Barcelona,Racing Santander,81,1-02,Right-footed shot,,Cantabria,1,2
09/10,LaLiga,22-09-2009,A,FC Barcelona,Racing Santander,23,0-02,Left-footed shot,Xavi,Cantabria,1,4
09/10,LaLiga,22-09-2009,A,FC Barcelona,Racing Santander,63,0-04,Left-footed shot,Xavi,Cantabria,1,4
10/11,LaLiga,29-08-2010,A,FC Barcelona,Racing Santander,3,0-01,Left-footed shot,Andres Iniesta,Cantabria,0,3
10/11,LaLiga,22-01-2011,H,FC Barcelona,Racing Santander,33,2-00,Penalty,,Cantabria,3,0
11-Dec,LaLiga,15-10-2011,H,FC Barcelona,Racing Santander,11,1-00,Right-footed shot,Andres Iniesta,Cantabria,3,0
11-Dec,LaLiga,15-10-2011,H,FC Barcelona,Racing Santander,69,3-00,Right-footed shot,,Cantabria,3,0
11-Dec,LaLiga,11-03-2012,A,FC Barcelona,Racing Santander,28,0-01,Left-footed shot,Cesc Fabregas,Cantabria,0,2
11-Dec,LaLiga,11-03-2012,A,FC Barcelona,Racing Santander,55,0-02,Penalty,,Cantabria,0,2
05/06,LaLiga,15-01-2006,H,FC Barcelona,Athletic Bilbao,50,2-01,Left-footed shot,Mark van Bommel,País Vasco,2,1
08/09,LaLiga,07-03-2009,H,FC Barcelona,Athletic Bilbao,31,2-00,Penalty,,País Vasco,2,0
08/09,Copa del Rey,13-05-2009,H,FC Barcelona,Athletic Bilbao,55,2-01,Left-footed shot,Samuel Etoo,País Vasco,4,1
09/10,Supercopa,23-08-2009,H,FC Barcelona,Athletic Bilbao,50,1-00,Right-footed shot,Zlatan Ibrahimovic,País Vasco,3,0
09/10,Supercopa,23-08-2009,H,FC Barcelona,Athletic Bilbao,68,2-00,Penalty,,País Vasco,3,0
09/10,LaLiga,03-04-2010,H,FC Barcelona,Athletic Bilbao,67,4-00,Left-footed shot,Pedro,País Vasco,4,1
10/11,LaLiga,20-02-2011,H,FC Barcelona,Athletic Bilbao,78,2-01,Right-footed shot,Dani Alves,País Vasco,2,1
11-Dec,LaLiga,06-11-2011,A,FC Barcelona,Athletic Bilbao,90,2-02,Left-footed shot,,País Vasco,2,2
11-Dec,LaLiga,31-03-2012,H,FC Barcelona,Athletic Bilbao,57,2-00,Penalty,,País Vasco,2,0
11-Dec,Copa del Rey,25-05-2012,H,FC Barcelona,Athletic Bilbao,20,2-00,Right-footed shot,Andres Iniesta,País Vasco,3,0
Dec-13,LaLiga,01-12-2012,H,FC Barcelona,Athletic Bilbao,24,2-00,Left-footed shot,Xavi,País Vasco,5,1
Dec-13,LaLiga,01-12-2012,H,FC Barcelona,Athletic Bilbao,69,5-01,Right-footed shot,Pedro,País Vasco,5,1
Dec-13,LaLiga,27-04-2013,A,FC Barcelona,Athletic Bilbao,67,1-01,Left-footed shot,Thiago,País Vasco,2,2
13/14,LaLiga,20-04-2014,H,FC Barcelona,Athletic Bilbao,74,2-01,Direct free kick,,País Vasco,2,1
14/15,LaLiga,08-02-2015,A,FC Barcelona,Athletic Bilbao,15,0-01,Direct free kick,,País Vasco,2,5
14/15,Copa del Rey,30-05-2015,A,FC Barcelona,Athletic Bilbao,20,0-01,Solo run,,País Vasco,1,3
14/15,Copa del Rey,30-05-2015,A,FC Barcelona,Athletic Bilbao,74,0-03,Left-footed shot,Dani Alves,País Vasco,1,3
15/16,Supercopa,17-08-2015,H,FC Barcelona,Athletic Bilbao,43,1-00,Left-footed shot,Luis Suarez,País Vasco,1,1
15/16,LaLiga,17-01-2016,H,FC Barcelona,Athletic Bilbao,7,1-00,Penalty,,País Vasco,6,0
16/17,Copa del Rey,05-01-2017,A,FC Barcelona,Athletic Bilbao,52,2-01,Direct free kick,,País Vasco,2,1
16/17,Copa del Rey,11-01-2017,H,FC Barcelona,Athletic Bilbao,78,3-01,Direct free kick,,País Vasco,3,1
16/17,LaLiga,04-02-2017,H,FC Barcelona,Athletic Bilbao,40,2-00,Direct free kick,,País Vasco,3,0
17/18,LaLiga,28-10-2017,A,FC Barcelona,Athletic Bilbao,37,0-01,Left-footed shot,Jordi Alba,País Vasco,0,2
17/18,LaLiga,18-03-2018,H,FC Barcelona,Athletic Bilbao,30,2-00,Left-footed shot,Ousmane Dembele,País Vasco,2,0
20/21,LaLiga,06-01-2021,A,FC Barcelona,Athletic Bilbao,38,1-02,Left-footed shot,Pedri,País Vasco,2,3
20/21,LaLiga,06-01-2021,A,FC Barcelona,Athletic Bilbao,62,1-03,Left-footed shot,Antoine Griezmann,País Vasco,2,3
20/21,LaLiga,31-01-2021,H,FC Barcelona,Athletic Bilbao,20,1-00,Direct free kick,,País Vasco,2,1
20/21,Copa del Rey,17-04-2021,A,FC Barcelona,Athletic Bilbao,68,0-03,Left-footed shot,Frenkie de Jong,País Vasco,0,4
20/21,Copa del Rey,17-04-2021,A,FC Barcelona,Athletic Bilbao,72,0-04,Left-footed shot,Jordi Alba,País Vasco,0,4
05/06,LaLiga,22-01-2006,H,FC Barcelona,Deportivo Alaves,82,2-00,Left-footed shot,Ronaldinho Gaacho,País Vasco,2,0
16/17,LaLiga,11-02-2017,A,FC Barcelona,Deportivo Alaves,59,0-03,Left-footed shot,Neymar,País Vasco,0,6
16/17,Copa del Rey,27-05-2017,H,FC Barcelona,Deportivo Alaves,30,1-00,Left-footed shot,Neymar,País Vasco,3,1
17/18,LaLiga,26-08-2017,A,FC Barcelona,Deportivo Alaves,55,0-01,Left-footed shot,Jordi Alba,País Vasco,0,2
17/18,LaLiga,26-08-2017,A,FC Barcelona,Deportivo Alaves,66,0-02,Left-footed shot,Paco Alcacer,País Vasco,0,2
17/18,LaLiga,28-01-2018,H,FC Barcelona,Deportivo Alaves,84,2-01,Direct free kick,,País Vasco,2,1
18/19,LaLiga,18-08-2018,H,FC Barcelona,Deportivo Alaves,64,1-00,Direct free kick,,País Vasco,3,0
18/19,LaLiga,18-08-2018,H,FC Barcelona,Deportivo Alaves,90+2,3-00,Left-footed shot,Luis Suarez,País Vasco,3,0
19/20,LaLiga,21-12-2019,H,FC Barcelona,Deportivo Alaves,69,3-01,Left-footed shot,Luis Suarez,País Vasco,4,1
19/20,LaLiga,19-07-2020,A,FC Barcelona,Deportivo Alaves,34,0-02,Left-footed shot,Riqui Puig,País Vasco,0,5
19/20,LaLiga,19-07-2020,A,FC Barcelona,Deportivo Alaves,75,0-05,Left-footed shot,Jordi Alba,País Vasco,0,5
20/21,LaLiga,13-02-2021,H,FC Barcelona,Deportivo Alaves,45+1,2-00,Left-footed shot,Sergio Busquets,País Vasco,5,1
20/21,LaLiga,13-02-2021,H,FC Barcelona,Deportivo Alaves,75,4-01,Left-footed shot,Antoine Griezmann,País Vasco,5,1
05/06,LaLiga,29-01-2006,A,FC Barcelona,RCD Mallorca,75,0-02,Right-footed shot,Sylvinho,Islas Baleares,0,3
05/06,LaLiga,29-01-2006,A,FC Barcelona,RCD Mallorca,83,0-03,Left-footed shot,Ronaldinho Gaacho,Islas Baleares,0,3
08/09,Copa del Rey,04-03-2009,A,FC Barcelona,RCD Mallorca,81,1-01,Left-footed shot,Gerard Pique,Islas Baleares,1,1
09/10,LaLiga,07-11-2009,H,FC Barcelona,RCD Mallorca,86,4-01,Penalty,,Islas Baleares,4,2
10/11,LaLiga,03-10-2010,H,FC Barcelona,RCD Mallorca,20,1-00,Left-footed shot,Pedro,Islas Baleares,1,1
10/11,LaLiga,26-02-2011,A,FC Barcelona,RCD Mallorca,38,0-01,Header,Seydou Keita,Islas Baleares,0,3
11-Dec,LaLiga,29-10-2011,H,FC Barcelona,RCD Mallorca,13,1-00,Penalty,,Islas Baleares,5,0
11-Dec,LaLiga,29-10-2011,H,FC Barcelona,RCD Mallorca,21,2-00,Right-footed shot,Adriano,Islas Baleares,5,0
11-Dec,LaLiga,29-10-2011,H,FC Barcelona,RCD Mallorca,30,3-00,Left-footed shot,Dani Alves,Islas Baleares,5,0
11-Dec,LaLiga,24-03-2012,A,FC Barcelona,RCD Mallorca,25,0-01,Direct free kick,,Islas Baleares,0,2
Dec-13,LaLiga,11-11-2012,A,FC Barcelona,RCD Mallorca,43,0-02,Left-footed shot,Sergio Busquets,Islas Baleares,2,4
Dec-13,LaLiga,11-11-2012,A,FC Barcelona,RCD Mallorca,70,2-04,Left-footed shot,Alexis Sanchez,Islas Baleares,2,4
19/20,LaLiga,07-12-2019,H,FC Barcelona,RCD Mallorca,17,2-00,Left-footed shot,Antoine Griezmann,Islas Baleares,5,2
19/20,LaLiga,07-12-2019,H,FC Barcelona,RCD Mallorca,41,3-01,Left-footed shot,Ivan Rakitic,Islas Baleares,5,2
19/20,LaLiga,07-12-2019,H,FC Barcelona,RCD Mallorca,83,5-02,Left-footed shot,Luis Suarez,Islas Baleares,5,2
19/20,LaLiga,13-06-2020,A,FC Barcelona,RCD Mallorca,90+3,0-04,Right-footed shot,Luis Suarez,Islas Baleares,0,4
05/06,Copa del Rey,01-02-2006,H,FC Barcelona,Real Zaragoza,42,1-00,Header,Ludovic Giuly,Aragón,2,1
07/08,LaLiga,26-09-2007,H,FC Barcelona,Real Zaragoza,5,1-00,Left-footed shot,Thierry Henry,Aragón,4,1
07/08,LaLiga,26-09-2007,H,FC Barcelona,Real Zaragoza,10,2-01,Left-footed shot,Deco,Aragón,4,1
09/10,LaLiga,25-10-2009,H,FC Barcelona,Real Zaragoza,80,5-01,Left-footed shot,Andres Iniesta,Aragón,6,1
09/10,LaLiga,21-03-2010,A,FC Barcelona,Real Zaragoza,4,0-01,Header,Pedro,Aragón,2,4
09/10,LaLiga,21-03-2010,A,FC Barcelona,Real Zaragoza,65,0-02,Left-footed shot,,Aragón,2,4
09/10,LaLiga,21-03-2010,A,FC Barcelona,Real Zaragoza,78,0-03,Left-footed shot,Andres Iniesta,Aragón,2,4
10/11,LaLiga,23-10-2010,A,FC Barcelona,Real Zaragoza,41,0-01,Left-footed shot,David Villa,Aragón,0,2
10/11,LaLiga,23-10-2010,A,FC Barcelona,Real Zaragoza,65,0-02,Left-footed shot,,Aragón,0,2
11-Dec,LaLiga,19-11-2011,H,FC Barcelona,Real Zaragoza,43,2-00,Right-footed shot,Cesc Fabregas,Aragón,4,0
11-Dec,LaLiga,07-04-2012,A,FC Barcelona,Real Zaragoza,39,1-02,Left-footed shot,Alexis Sanchez,Aragón,1,4
11-Dec,LaLiga,07-04-2012,A,FC Barcelona,Real Zaragoza,86,1-03,Penalty,,Aragón,1,4
Dec-13,LaLiga,17-11-2012,H,FC Barcelona,Real Zaragoza,15,1-00,Left-footed shot,Jordi Alba,Aragón,3,1
Dec-13,LaLiga,17-11-2012,H,FC Barcelona,Real Zaragoza,60,3-01,Left-footed shot,Marta Montoya,Aragón,3,1
05/06,LaLiga,18-02-2006,H,FC Barcelona,Real Betis Balompie,84,5-01,Left-footed shot,,Andalucía,5,1
10/11,Copa del Rey,12-01-2011,H,FC Barcelona,Real Betis Balompie,44,1-00,Left-footed shot,Andres Iniesta,Andalucía,5,0
10/11,Copa del Rey,12-01-2011,H,FC Barcelona,Real Betis Balompie,63,2-00,Left-footed shot,,Andalucía,5,0
10/11,Copa del Rey,12-01-2011,H,FC Barcelona,Real Betis Balompie,73,3-00,Left-footed shot,Xavi,Andalucía,5,0
10/11,Copa del Rey,19-01-2011,A,FC Barcelona,Real Betis Balompie,37,2-01,Left-footed shot,Xavi,Andalucía,3,1
11-Dec,LaLiga,15-01-2012,H,FC Barcelona,Real Betis Balompie,12,2-00,Right-footed shot,Alexis Sanchez,Andalucía,4,2
11-Dec,LaLiga,15-01-2012,H,FC Barcelona,Real Betis Balompie,86,4-02,Penalty,,Andalucía,4,2
Dec-13,LaLiga,09-12-2012,A,FC Barcelona,Real Betis Balompie,16,0-01,Left-footed shot,Andres Iniesta,Andalucía,1,2
Dec-13,LaLiga,09-12-2012,A,FC Barcelona,Real Betis Balompie,25,0-02,Left-footed shot,Andres Iniesta,Andalucía,1,2
Dec-13,LaLiga,05-05-2013,H,FC Barcelona,Real Betis Balompie,60,3-02,Direct free kick,,Andalucía,4,2
Dec-13,LaLiga,05-05-2013,H,FC Barcelona,Real Betis Balompie,71,4-02,Left-footed shot,Alexis Sanchez,Andalucía,4,2
13/14,LaLiga,05-04-2014,H,FC Barcelona,Real Betis Balompie,15,1-00,Penalty,,Andalucía,3,1
13/14,LaLiga,05-04-2014,H,FC Barcelona,Real Betis Balompie,86,3-01,Penalty rebound,Antonio A05a,Andalucía,3,1
15/16,LaLiga,30-12-2015,H,FC Barcelona,Real Betis Balompie,33,2-00,Right-footed shot,Neymar,Andalucía,4,0
16/17,LaLiga,20-08-2016,H,FC Barcelona,Real Betis Balompie,37,2-01,Left-footed shot,Sergi Roberto,Andalucía,6,2
16/17,LaLiga,20-08-2016,H,FC Barcelona,Real Betis Balompie,58,5-01,Left-footed shot,Arda Turan,Andalucía,6,2
17/18,LaLiga,21-01-2018,A,FC Barcelona,Real Betis Balompie,64,0-02,Left-footed shot,Sergio Busquets,Andalucía,0,5
17/18,LaLiga,21-01-2018,A,FC Barcelona,Real Betis Balompie,80,0-04,Left-footed shot,Luis Suarez,Andalucía,0,5
18/19,LaLiga,11-11-2018,H,FC Barcelona,Real Betis Balompie,68,1-02,Penalty,,Andalucía,3,4
18/19,LaLiga,11-11-2018,H,FC Barcelona,Real Betis Balompie,90+4,3-04,Left-footed shot,Arturo Vidal,Andalucía,3,4
18/19,LaLiga,17-03-2019,A,FC Barcelona,Real Betis Balompie,18,0-01,Direct free kick,,Andalucía,1,4
18/19,LaLiga,17-03-2019,A,FC Barcelona,Real Betis Balompie,45+2,0-02,Left-footed shot,Luis Suarez,Andalucía,1,4
18/19,LaLiga,17-03-2019,A,FC Barcelona,Real Betis Balompie,85,1-04,Left-footed shot,Ivan Rakitic,Andalucía,1,4
20/21,LaLiga,07-11-2020,H,FC Barcelona,Real Betis Balompie,61,3-01,Penalty,,Andalucía,5,2
20/21,LaLiga,07-11-2020,H,FC Barcelona,Real Betis Balompie,82,4-02,Left-footed shot,Sergi Roberto,Andalucía,5,2
20/21,LaLiga,07-02-2021,A,FC Barcelona,Real Betis Balompie,59,1-01,Left-footed shot,Ousmane Dembele,Andalucía,2,3
06/07,LaLiga,28-08-2006,A,FC Barcelona,Celta de Vigo,59,1-02,Left-footed shot,Andres Iniesta,Galicia,2,3
Dec-13,LaLiga,30-03-2013,A,FC Barcelona,Celta de Vigo,73,1-02,Left-footed shot,Cristian Tello,Galicia,2,2
13/14,LaLiga,26-03-2014,H,FC Barcelona,Celta de Vigo,30,2-00,Right-footed shot,Andres Iniesta,Galicia,3,0
15/16,LaLiga,14-02-2016,H,FC Barcelona,Celta de Vigo,28,1-00,Direct free kick,,Galicia,6,1
16/17,LaLiga,04-03-2017,H,FC Barcelona,Celta de Vigo,24,1-00,Left-footed shot,Sergio Busquets,Galicia,5,0
16/17,LaLiga,04-03-2017,H,FC Barcelona,Celta de Vigo,64,5-00,Left-footed shot,,Galicia,5,0
17/18,LaLiga,02-12-2017,H,FC Barcelona,Celta de Vigo,22,1-01,Left-footed shot,Paulinho,Galicia,2,2
17/18,Copa del Rey,11-01-2018,H,FC Barcelona,Celta de Vigo,13,1-00,Left-footed shot,Jordi Alba,Galicia,5,0
17/18,Copa del Rey,11-01-2018,H,FC Barcelona,Celta de Vigo,15,2-00,Left-footed shot,Jordi Alba,Galicia,5,0
18/19,LaLiga,22-12-2018,H,FC Barcelona,Celta de Vigo,45,2-00,Left-footed shot,Jordi Alba,Galicia,2,0
19/20,LaLiga,09-11-2019,H,FC Barcelona,Celta de Vigo,23,1-00,Penalty,,Galicia,4,1
19/20,LaLiga,09-11-2019,H,FC Barcelona,Celta de Vigo,45+1,2-01,Direct free kick,,Galicia,4,1
19/20,LaLiga,09-11-2019,H,FC Barcelona,Celta de Vigo,48,3-01,Direct free kick,,Galicia,4,1
20/21,LaLiga,16-05-2021,H,FC Barcelona,Celta de Vigo,28,1-00,Header,Sergio Busquets,Galicia,1,2
06/07,LaLiga,09-09-2006,H,FC Barcelona,CA Osasuna,36,3-00,Left-footed shot,Samuel Etoo,Navarrra,3,0
08/09,LaLiga,11-01-2009,A,FC Barcelona,CA Osasuna,84,2-03,Left-footed shot,Dani Alves,Navarrra,2,3
10/11,LaLiga,04-12-2010,A,FC Barcelona,CA Osasuna,64,0-02,Left-footed shot,David Villa,Navarrra,0,3
10/11,LaLiga,04-12-2010,A,FC Barcelona,CA Osasuna,82,0-03,Penalty,,Navarrra,0,3
10/11,LaLiga,23-04-2011,H,FC Barcelona,CA Osasuna,87,2-00,Right-footed shot,Dani Alves,Navarrra,2,0
11-Dec,LaLiga,17-09-2011,H,FC Barcelona,CA Osasuna,5,1-00,Left-footed shot,Dani Alves,Navarrra,8,0
11-Dec,LaLiga,17-09-2011,H,FC Barcelona,CA Osasuna,41,5-00,Left-footed shot,Cesc Fabregas,Navarrra,8,0
11-Dec,LaLiga,17-09-2011,H,FC Barcelona,CA Osasuna,79,8-00,Left-footed shot,Cesc Fabregas,Navarrra,8,0
11-Dec,Copa del Rey,04-01-2012,H,FC Barcelona,CA Osasuna,71,3-00,Header,Cesc Fabregas,Navarrra,4,0
11-Dec,Copa del Rey,04-01-2012,H,FC Barcelona,CA Osasuna,90,4-00,Left-footed shot,Xavi,Navarrra,4,0
Dec-13,LaLiga,26-08-2012,A,FC Barcelona,CA Osasuna,74,1-01,Left-footed shot,Alexis Sanchez,Navarrra,1,2
Dec-13,LaLiga,26-08-2012,A,FC Barcelona,CA Osasuna,79,1-02,Left-footed shot,Jordi Alba,Navarrra,1,2
Dec-13,LaLiga,27-01-2013,H,FC Barcelona,CA Osasuna,11,1-00,Right-footed shot,Xavi,Navarrra,5,1
Dec-13,LaLiga,27-01-2013,H,FC Barcelona,CA Osasuna,28,2-01,Penalty,,Navarrra,5,1
Dec-13,LaLiga,27-01-2013,H,FC Barcelona,CA Osasuna,56,4-01,Left-footed shot,David Villa,Navarrra,5,1
Dec-13,LaLiga,27-01-2013,H,FC Barcelona,CA Osasuna,58,5-01,Left-footed shot,Adriano,Navarrra,5,1
13/14,LaLiga,16-03-2014,H,FC Barcelona,CA Osasuna,18,1-00,Left-footed shot,Alexis Sanchez,Navarrra,7,0
13/14,LaLiga,16-03-2014,H,FC Barcelona,CA Osasuna,63,4-00,Left-footed shot,Andres Iniesta,Navarrra,7,0
13/14,LaLiga,16-03-2014,H,FC Barcelona,CA Osasuna,88,6-00,Right-footed shot,Dani Alves,Navarrra,7,0
16/17,LaLiga,10-12-2016,A,FC Barcelona,CA Osasuna,72,0-02,Left-footed shot,Jordi Alba,Navarrra,0,3
16/17,LaLiga,10-12-2016,A,FC Barcelona,CA Osasuna,90+2,0-03,Left-footed shot,Sergio Busquets,Navarrra,0,3
16/17,LaLiga,26-04-2017,H,FC Barcelona,CA Osasuna,12,1-00,Left-footed shot,,Navarrra,7,1
16/17,LaLiga,26-04-2017,H,FC Barcelona,CA Osasuna,61,4-01,Left-footed shot,Ivan Rakitic,Navarrra,7,1
19/20,LaLiga,16-07-2020,H,FC Barcelona,CA Osasuna,62,1-01,Direct free kick,,Navarrra,1,2
20/21,LaLiga,29-11-2020,H,FC Barcelona,CA Osasuna,73,4-00,Left-footed shot,Francisco TrincÃ£o,Navarrra,4,0
06/07,UEFA Champions League,27-09-2006,A,FC Barcelona,SV Werder Bremen,89,1-01,Left-footed shot,Deco,Bremen,1,1
06/07,LaLiga,15-10-2006,H,FC Barcelona,Sevilla FC,80,3-01,Right-footed shot,Xavi,Andalucía,3,1
07/08,LaLiga,22-09-2007,H,FC Barcelona,Sevilla FC,72,1-00,Left-footed shot,Thierry Henry,Andalucía,2,1
07/08,LaLiga,22-09-2007,H,FC Barcelona,Sevilla FC,79,2-00,Penalty,,Andalucía,2,1
08/09,LaLiga,29-11-2008,A,FC Barcelona,Sevilla FC,78,0-02,Left-footed shot,Xavi,Andalucía,0,3
08/09,LaLiga,29-11-2008,A,FC Barcelona,Sevilla FC,90+2,0-03,Left-footed shot,Aleksandr Hleb,Andalucía,0,3
09/10,LaLiga,16-01-2010,H,FC Barcelona,Sevilla FC,85,3-00,Left-footed shot,Dani Alves,Andalucía,4,0
09/10,LaLiga,16-01-2010,H,FC Barcelona,Sevilla FC,90+1,4-00,Left-footed shot,Ã‰ric Abidal,Andalucía,4,0
09/10,LaLiga,08-05-2010,A,FC Barcelona,Sevilla FC,5,0-01,Left-footed shot,Maxwell,Andalucía,2,3
10/11,Supercopa,21-08-2010,H,FC Barcelona,Sevilla FC,25,2-00,Left-footed shot,Xavi,Andalucía,4,0
10/11,Supercopa,21-08-2010,H,FC Barcelona,Sevilla FC,43,3-00,Right-footed shot,Dani Alves,Andalucía,4,0
10/11,Supercopa,21-08-2010,H,FC Barcelona,Sevilla FC,90+1,4-00,Left-footed shot,Andres Iniesta,Andalucía,4,0
10/11,LaLiga,30-10-2010,H,FC Barcelona,Sevilla FC,4,1-00,Left-footed shot,,Andalucía,5,0
10/11,LaLiga,30-10-2010,H,FC Barcelona,Sevilla FC,63,4-00,Left-footed shot,,Andalucía,5,0
11-Dec,LaLiga,17-03-2012,A,FC Barcelona,Sevilla FC,25,0-02,Left-footed shot,Andres Iniesta,Andalucía,0,2
Dec-13,LaLiga,23-02-2013,H,FC Barcelona,Sevilla FC,60,2-01,Left-footed shot,Cristian Tello,Andalucía,2,1
13/14,LaLiga,14-09-2013,H,FC Barcelona,Sevilla FC,75,2-00,Left-footed shot,Neymar,Andalucía,3,2
13/14,LaLiga,09-02-2014,A,FC Barcelona,Sevilla FC,44,1-02,Left-footed shot,Pedro,Andalucía,1,4
13/14,LaLiga,09-02-2014,A,FC Barcelona,Sevilla FC,56,1-03,Left-footed shot,Andres Iniesta,Andalucía,1,4
14/15,LaLiga,22-11-2014,H,FC Barcelona,Sevilla FC,21,1-00,Direct free kick,,Andalucía,5,1
14/15,LaLiga,22-11-2014,H,FC Barcelona,Sevilla FC,73,4-01,Tap-in,Neymar,Andalucía,5,1
14/15,LaLiga,22-11-2014,H,FC Barcelona,Sevilla FC,78,5-01,Left-footed shot,Neymar,Andalucía,5,1
14/15,LaLiga,11-04-2015,A,FC Barcelona,Sevilla FC,15,0-01,Left-footed shot,Neymar,Andalucía,2,2
15/16,UEFA Super Cup,11-08-2015,H,FC Barcelona,Sevilla FC,7,1-01,Direct free kick,,Andalucía,5,4
15/16,UEFA Super Cup,11-08-2015,H,FC Barcelona,Sevilla FC,16,2-01,Direct free kick,,Andalucía,5,4
15/16,LaLiga,28-02-2016,H,FC Barcelona,Sevilla FC,31,1-01,Direct free kick,,Andalucía,2,1
16/17,Supercopa,17-08-2016,H,FC Barcelona,Sevilla FC,55,3-00,Header,Lucas Digne,Andalucía,3,0
16/17,LaLiga,06-11-2016,A,FC Barcelona,Sevilla FC,43,1-01,Left-footed shot,Neymar,Andalucía,1,2
16/17,LaLiga,05-04-2017,H,FC Barcelona,Sevilla FC,28,2-00,Right-footed shot,Luis Suarez,Andalucía,3,0
16/17,LaLiga,05-04-2017,H,FC Barcelona,Sevilla FC,33,3-00,Left-footed shot,,Andalucía,3,0
17/18,LaLiga,31-03-2018,A,FC Barcelona,Sevilla FC,89,2-02,Left-footed shot,Philippe Coutinho,Andalucía,2,2
17/18,Copa del Rey,21-04-2018,A,FC Barcelona,Sevilla FC,31,0-02,Left-footed shot,Jordi Alba,Andalucía,0,5
18/19,LaLiga,20-10-2018,H,FC Barcelona,Sevilla FC,12,2-00,Left-footed shot,Luis Suarez,Andalucía,4,2
18/19,Copa del Rey,30-01-2019,H,FC Barcelona,Sevilla FC,90+2,6-01,Left-footed shot,Jordi Alba,Andalucía,6,1
18/19,LaLiga,23-02-2019,A,FC Barcelona,Sevilla FC,26,1-01,Left-footed shot,Ivan Rakitic,Andalucía,2,4
18/19,LaLiga,23-02-2019,A,FC Barcelona,Sevilla FC,67,2-02,Right-footed shot,Ousmane Dembele,Andalucía,2,4
18/19,LaLiga,23-02-2019,A,FC Barcelona,Sevilla FC,85,2-03,Left-footed shot,,Andalucía,2,4
19/20,LaLiga,06-10-2019,H,FC Barcelona,Sevilla FC,78,4-00,Direct free kick,,Andalucía,4,0
20/21,LaLiga,27-02-2021,A,FC Barcelona,Sevilla FC,85,0-02,Right-footed shot,Ilaix Moriba,Andalucía,0,2
06/07,LaLiga,10-03-2007,H,FC Barcelona,Real Madrid,11,1-01,Left-footed shot,Samuel Etoo,Madrid,3,3
06/07,LaLiga,10-03-2007,H,FC Barcelona,Real Madrid,28,2-02,Left-footed shot,,Madrid,3,3
06/07,LaLiga,10-03-2007,H,FC Barcelona,Real Madrid,90+1,3-03,Left-footed shot,Ronaldinho Gaacho,Madrid,3,3
08/09,LaLiga,13-12-2008,H,FC Barcelona,Real Madrid,89,2-00,Counter attack goal,Thierry Henry,Madrid,2,0
08/09,LaLiga,02-05-2009,A,FC Barcelona,Real Madrid,35,1-03,Left-footed shot,Xavi,Madrid,2,6
08/09,LaLiga,02-05-2009,A,FC Barcelona,Real Madrid,75,2-05,Left-footed shot,Xavi,Madrid,2,6
09/10,LaLiga,10-04-2010,A,FC Barcelona,Real Madrid,32,0-01,Right-footed shot,Xavi,Madrid,0,2
10/11,LaLiga,16-04-2011,A,FC Barcelona,Real Madrid,53,0-01,Penalty,,Madrid,1,1
10/11,UEFA Champions League,27-04-2011,A,FC Barcelona,Real Madrid,76,0-01,Left-footed shot,Ibrahim Afellay,Madrid,0,2
10/11,UEFA Champions League,27-04-2011,A,FC Barcelona,Real Madrid,87,0-02,Solo run,Sergio Busquets,Madrid,0,2
11-Dec,Supercopa,14-08-2011,A,FC Barcelona,Real Madrid,45,1-02,Left-footed shot,Thiago,Madrid,2,2
11-Dec,Supercopa,17-08-2011,H,FC Barcelona,Real Madrid,44,2-01,Right-footed shot,Gerard Pique,Madrid,3,2
11-Dec,Supercopa,17-08-2011,H,FC Barcelona,Real Madrid,88,3-02,Left-footed shot,Adriano,Madrid,3,2
Dec-13,Supercopa,23-08-2012,H,FC Barcelona,Real Madrid,60,2-01,Penalty,,Madrid,3,2
Dec-13,Supercopa,29-08-2012,A,FC Barcelona,Real Madrid,45,2-01,Direct free kick,,Madrid,2,1
Dec-13,LaLiga,07-10-2012,H,FC Barcelona,Real Madrid,31,1-01,Left-footed shot,,Madrid,2,2
Dec-13,LaLiga,07-10-2012,H,FC Barcelona,Real Madrid,60,2-01,Direct free kick,,Madrid,2,2
Dec-13,LaLiga,02-03-2013,A,FC Barcelona,Real Madrid,18,1-01,Left-footed shot,Dani Alves,Madrid,2,1
13/14,LaLiga,23-03-2014,A,FC Barcelona,Real Madrid,42,2-02,Left-footed shot,Neymar,Madrid,3,4
13/14,LaLiga,23-03-2014,A,FC Barcelona,Real Madrid,65,3-03,Penalty,,Madrid,3,4
13/14,LaLiga,23-03-2014,A,FC Barcelona,Real Madrid,84,3-04,Penalty,,Madrid,3,4
16/17,LaLiga,23-04-2017,A,FC Barcelona,Real Madrid,33,1-01,Left-footed shot,Ivan Rakitic,Madrid,2,3
16/17,LaLiga,23-04-2017,A,FC Barcelona,Real Madrid,90+2,2-03,Left-footed shot,Jordi Alba,Madrid,2,3
17/18,Supercopa,13-08-2017,H,FC Barcelona,Real Madrid,77,1-01,Penalty,,Madrid,1,3
17/18,LaLiga,23-12-2017,A,FC Barcelona,Real Madrid,64,0-02,Penalty,,Madrid,0,3
17/18,LaLiga,06-05-2018,H,FC Barcelona,Real Madrid,52,2-01,Left-footed shot,Luis Suarez,Madrid,2,2
06/07,LaLiga,17-03-2007,A,FC Barcelona,Recreativo Huelva,86,0-04,Left-footed shot,,Andalucía,0,4
07/08,LaLiga,24-11-2007,H,FC Barcelona,Recreativo Huelva,81,3-00,Penalty,,Andalucía,3,0
08/09,LaLiga,16-11-2008,A,FC Barcelona,Recreativo Huelva,51,0-01,Left-footed shot,Xavi,Andalucía,0,2
06/07,LaLiga,31-03-2007,H,FC Barcelona,Deportivo de La Coruaa,45,1-00,Left-footed shot,Ronaldinho Gaacho,Galicia,2,1
08/09,LaLiga,17-01-2009,H,FC Barcelona,Deportivo de La Coruaa,21,1-00,Left-footed shot,,Galicia,5,0
09/10,LaLiga,05-12-2009,A,FC Barcelona,Deportivo de La Coruaa,26,0-01,Left-footed shot,Dani Alves,Galicia,1,3
09/10,LaLiga,05-12-2009,A,FC Barcelona,Deportivo de La Coruaa,80,1-02,Header,Pedro,Galicia,1,3
10/11,LaLiga,08-01-2011,A,FC Barcelona,Deportivo de La Coruaa,51,0-02,Direct free kick,,Galicia,0,4
Dec-13,LaLiga,20-10-2012,A,FC Barcelona,Deportivo de La Coruaa,17,0-03,Left-footed shot,Cesc Fabregas,Galicia,4,5
Dec-13,LaLiga,20-10-2012,A,FC Barcelona,Deportivo de La Coruaa,43,2-04,Left-footed shot,Cesc Fabregas,Galicia,4,5
Dec-13,LaLiga,20-10-2012,A,FC Barcelona,Deportivo de La Coruaa,76,3-05,Left-footed shot,Xavi,Galicia,4,5
Dec-13,LaLiga,09-03-2013,H,FC Barcelona,Deportivo de La Coruaa,88,2-00,Left-footed shot,Alexis Sanchez,Galicia,2,0
14/15,LaLiga,18-01-2015,A,FC Barcelona,Deportivo de La Coruaa,11,0-01,Header,Ivan Rakitic,Galicia,0,4
14/15,LaLiga,18-01-2015,A,FC Barcelona,Deportivo de La Coruaa,33,0-02,Left-footed shot,Luis Suarez,Galicia,0,4
14/15,LaLiga,18-01-2015,A,FC Barcelona,Deportivo de La Coruaa,62,0-03,Left-footed shot,Ivan Rakitic,Galicia,0,4
14/15,LaLiga,23-05-2015,H,FC Barcelona,Deportivo de La Coruaa,5,1-00,Header,Rafinha,Galicia,2,2
14/15,LaLiga,23-05-2015,H,FC Barcelona,Deportivo de La Coruaa,59,2-00,Right-footed shot,Neymar,Galicia,2,2
15/16,LaLiga,12-12-2015,H,FC Barcelona,Deportivo de La Coruaa,39,1-00,Direct free kick,,Galicia,2,2
15/16,LaLiga,20-04-2016,A,FC Barcelona,Deportivo de La Coruaa,73,0-06,Left-footed shot,Luis Suarez,Galicia,0,8
16/17,LaLiga,15-10-2016,H,FC Barcelona,Deportivo de La Coruaa,58,4-00,Left-footed shot,Neymar,Galicia,4,0
17/18,LaLiga,29-04-2018,A,FC Barcelona,Deportivo de La Coruaa,38,0-02,Left-footed shot,Luis Suarez,Galicia,2,4
17/18,LaLiga,29-04-2018,A,FC Barcelona,Deportivo de La Coruaa,82,2-03,Right-footed shot,Luis Suarez,Galicia,2,4
17/18,LaLiga,29-04-2018,A,FC Barcelona,Deportivo de La Coruaa,85,2-04,Left-footed shot,Luis Suarez,Galicia,2,4
06/07,Copa del Rey,18-04-2007,H,FC Barcelona,Getafe CF,29,2-00,Solo run,Xavi,Madrid,5,2
06/07,Copa del Rey,18-04-2007,H,FC Barcelona,Getafe CF,45,3-00,Left-footed shot,Deco,Madrid,5,2
08/09,LaLiga,18-04-2009,A,FC Barcelona,Getafe CF,18,0-01,Left-footed shot,Xavi,Madrid,0,1
09/10,LaLiga,12-09-2009,A,FC Barcelona,Getafe CF,78,0-02,Header,Zlatan Ibrahimovic,Madrid,0,2
09/10,LaLiga,06-02-2010,H,FC Barcelona,Getafe CF,7,1-00,Left-footed shot,Yaya Toure,Madrid,2,1
10/11,LaLiga,07-11-2010,A,FC Barcelona,Getafe CF,23,0-01,Left-footed shot,David Villa,Madrid,1,3
11-Dec,LaLiga,10-04-2012,H,FC Barcelona,Getafe CF,44,2-00,Left-footed shot,Andres Iniesta,Madrid,4,0
Dec-13,LaLiga,15-09-2012,A,FC Barcelona,Getafe CF,74,0-02,Penalty,,Madrid,1,4
Dec-13,LaLiga,15-09-2012,A,FC Barcelona,Getafe CF,78,0-03,Left-footed shot,Pedro,Madrid,1,4
Dec-13,LaLiga,10-02-2013,H,FC Barcelona,Getafe CF,13,2-00,Left-footed shot,Thiago,Madrid,6,1
13/14,Copa del Rey,08-01-2014,H,FC Barcelona,Getafe CF,90,3-00,Left-footed shot,Marta Montoya,Madrid,4,0
13/14,Copa del Rey,08-01-2014,H,FC Barcelona,Getafe CF,90+2,4-00,Left-footed shot,Alex Song,Madrid,4,0
13/14,Copa del Rey,16-01-2014,A,FC Barcelona,Getafe CF,43,0-01,Right-footed shot,Cristian Tello,Madrid,0,2
13/14,Copa del Rey,16-01-2014,A,FC Barcelona,Getafe CF,63,0-02,Left-footed shot,,Madrid,0,2
13/14,LaLiga,03-05-2014,H,FC Barcelona,Getafe CF,23,1-00,Left-footed shot,Dani Alves,Madrid,2,2
14/15,LaLiga,28-04-2015,H,FC Barcelona,Getafe CF,9,1-00,Penalty,,Madrid,6,0
14/15,LaLiga,28-04-2015,H,FC Barcelona,Getafe CF,47,6-00,Left-footed shot,Luis Suarez,Madrid,6,0
15/16,LaLiga,12-03-2016,H,FC Barcelona,Getafe CF,41,4-00,Left-footed shot,Arda Turan,Madrid,6,0
18/19,LaLiga,06-01-2019,A,FC Barcelona,Getafe CF,20,0-01,Left-footed shot,,Madrid,1,2
20/21,LaLiga,22-04-2021,H,FC Barcelona,Getafe CF,8,1-00,Left-footed shot,Sergio Busquets,Madrid,5,2
20/21,LaLiga,22-04-2021,H,FC Barcelona,Getafe CF,33,3-01,Left-footed shot,,Madrid,5,2
06/07,LaLiga,20-05-2007,A,FC Barcelona,Atletico de Madrid,39,0-01,Left-footed shot,Samuel Etoo,Madrid,0,6
06/07,LaLiga,20-05-2007,A,FC Barcelona,Atletico de Madrid,80,0-05,Left-footed shot,Giovanni van Bronckhorst,Madrid,0,6
07/08,LaLiga,07-10-2007,H,FC Barcelona,Atletico de Madrid,19,2-00,Left-footed shot,Ronaldinho Gaacho,Madrid,3,0
08/09,LaLiga,04-10-2008,H,FC Barcelona,Atletico de Madrid,8,3-00,Direct free kick,,Madrid,6,1
08/09,Copa del Rey,06-01-2009,A,FC Barcelona,Atletico de Madrid,11,0-01,Left-footed shot,Dani Alves,Madrid,1,3
08/09,Copa del Rey,06-01-2009,A,FC Barcelona,Atletico de Madrid,57,0-02,Penalty,,Madrid,1,3
08/09,Copa del Rey,06-01-2009,A,FC Barcelona,Atletico de Madrid,79,1-03,Right-footed shot,Andres Iniesta,Madrid,1,3
08/09,LaLiga,01-03-2009,A,FC Barcelona,Atletico de Madrid,30,0-02,Left-footed shot,,Madrid,4,3
09/10,LaLiga,19-09-2009,H,FC Barcelona,Atletico de Madrid,15,2-00,Left-footed shot,Xavi,Madrid,5,2
09/10,LaLiga,19-09-2009,H,FC Barcelona,Atletico de Madrid,90+3,5-02,Right-footed shot,Dani Alves,Madrid,5,2
10/11,LaLiga,19-09-2010,A,FC Barcelona,Atletico de Madrid,12,0-01,Left-footed shot,Pedro,Madrid,1,2
10/11,LaLiga,05-02-2011,H,FC Barcelona,Atletico de Madrid,16,1-00,Left-footed shot,Dani Alves,Madrid,3,0
10/11,LaLiga,05-02-2011,H,FC Barcelona,Atletico de Madrid,28,2-00,Left-footed shot,Pedro,Madrid,3,0
10/11,LaLiga,05-02-2011,H,FC Barcelona,Atletico de Madrid,78,3-00,Left-footed shot,David Villa,Madrid,3,0
11-Dec,LaLiga,24-09-2011,H,FC Barcelona,Atletico de Madrid,26,3-00,Left-footed shot,Pedro,Madrid,5,0
11-Dec,LaLiga,24-09-2011,H,FC Barcelona,Atletico de Madrid,78,4-00,Left-footed shot,Dani Alves,Madrid,5,0
11-Dec,LaLiga,24-09-2011,H,FC Barcelona,Atletico de Madrid,90+1,5-00,Left-footed shot,David Villa,Madrid,5,0
11-Dec,LaLiga,26-02-2012,A,FC Barcelona,Atletico de Madrid,79,1-02,Direct free kick,,Madrid,1,2
Dec-13,LaLiga,16-12-2012,H,FC Barcelona,Atletico de Madrid,58,3-01,Left-footed shot,Alexis Sanchez,Madrid,4,1
Dec-13,LaLiga,16-12-2012,H,FC Barcelona,Atletico de Madrid,88,4-01,Left-footed shot,,Madrid,4,1
14/15,LaLiga,11-01-2015,H,FC Barcelona,Atletico de Madrid,87,3-01,Left-footed shot,,Madrid,3,1
14/15,Copa del Rey,21-01-2015,H,FC Barcelona,Atletico de Madrid,85,1-00,Penalty rebound,,Madrid,1,0
14/15,LaLiga,17-05-2015,A,FC Barcelona,Atletico de Madrid,65,0-01,Left-footed shot,Pedro,Madrid,0,1
15/16,LaLiga,12-09-2015,A,FC Barcelona,Atletico de Madrid,77,1-02,Left-footed shot,Luis Suarez,Madrid,1,2
15/16,LaLiga,30-01-2016,H,FC Barcelona,Atletico de Madrid,30,1-01,Left-footed shot,Jordi Alba,Madrid,2,1
16/17,Copa del Rey,01-02-2017,A,FC Barcelona,Atletico de Madrid,33,0-02,Left-footed shot,Ivan Rakitic,Madrid,1,2
16/17,LaLiga,26-02-2017,A,FC Barcelona,Atletico de Madrid,86,1-02,Left-footed shot,,Madrid,1,2
17/18,LaLiga,04-03-2018,H,FC Barcelona,Atletico de Madrid,26,1-00,Direct free kick,,Madrid,1,0
18/19,LaLiga,06-04-2019,H,FC Barcelona,Atletico de Madrid,87,2-00,Left-footed shot,,Madrid,2,0
19/20,LaLiga,01-12-2019,A,FC Barcelona,Atletico de Madrid,86,0-01,Left-footed shot,Luis Suarez,Madrid,0,1
19/20,Supercopa,09-01-2020,H,FC Barcelona,Atletico de Madrid,51,1-01,Right-footed shot,Luis Suarez,Madrid,2,3
19/20,LaLiga,30-06-2020,H,FC Barcelona,Atletico de Madrid,50,2-01,Penalty,,Madrid,2,2
06/07,LaLiga,09-06-2007,H,FC Barcelona,RCD Espanyol Barcelona,43,1-01,,Gianluca Zambrotta,Cataluña,2,2
06/07,LaLiga,09-06-2007,H,FC Barcelona,RCD Espanyol Barcelona,57,2-01,Right-footed shot,Deco,Cataluña,2,2
08/09,LaLiga,27-09-2008,A,FC Barcelona,RCD Espanyol Barcelona,90,1-02,Penalty,,Cataluña,1,2
11-Dec,LaLiga,05-05-2012,H,FC Barcelona,RCD Espanyol Barcelona,11,1-00,Direct free kick,,Cataluña,4,0
11-Dec,LaLiga,05-05-2012,H,FC Barcelona,RCD Espanyol Barcelona,63,2-00,Penalty,,Cataluña,4,0
11-Dec,LaLiga,05-05-2012,H,FC Barcelona,RCD Espanyol Barcelona,73,3-00,Left-footed shot,Adriano,Cataluña,4,0
11-Dec,LaLiga,05-05-2012,H,FC Barcelona,RCD Espanyol Barcelona,78,4-00,Penalty,,Cataluña,4,0
Dec-13,LaLiga,06-01-2013,H,FC Barcelona,RCD Espanyol Barcelona,28,4-00,Penalty,,Cataluña,4,0
13/14,LaLiga,29-03-2014,A,FC Barcelona,RCD Espanyol Barcelona,77,0-01,Penalty,,Cataluña,0,1
14/15,LaLiga,07-12-2014,H,FC Barcelona,RCD Espanyol Barcelona,45+1,1-01,Left-footed shot,Xavi,Cataluña,5,1
14/15,LaLiga,07-12-2014,H,FC Barcelona,RCD Espanyol Barcelona,50,2-01,Right-footed shot,Luis Suarez,Cataluña,5,1
14/15,LaLiga,07-12-2014,H,FC Barcelona,RCD Espanyol Barcelona,81,5-01,Right-footed shot,Pedro,Cataluña,5,1
14/15,LaLiga,25-04-2015,A,FC Barcelona,RCD Espanyol Barcelona,25,0-02,Left-footed shot,Luis Suarez,Cataluña,0,2
15/16,Copa del Rey,06-01-2016,H,FC Barcelona,RCD Espanyol Barcelona,13,1-01,Left-footed shot,Andres Iniesta,Cataluña,4,1
15/16,Copa del Rey,06-01-2016,H,FC Barcelona,RCD Espanyol Barcelona,44,2-01,Direct free kick,,Cataluña,4,1
15/16,LaLiga,08-05-2016,H,FC Barcelona,RCD Espanyol Barcelona,8,1-00,Direct free kick,,Cataluña,5,0
16/17,LaLiga,18-12-2016,H,FC Barcelona,RCD Espanyol Barcelona,90,4-01,Left-footed shot,Luis Suarez,Cataluña,4,1
17/18,LaLiga,09-09-2017,H,FC Barcelona,RCD Espanyol Barcelona,26,1-00,Left-footed shot,Ivan Rakitic,Cataluña,5,0
17/18,LaLiga,09-09-2017,H,FC Barcelona,RCD Espanyol Barcelona,35,2-00,Right-footed shot,Jordi Alba,Cataluña,5,0
17/18,LaLiga,09-09-2017,H,FC Barcelona,RCD Espanyol Barcelona,67,3-00,Left-footed shot,Jordi Alba,Cataluña,5,0
17/18,Copa del Rey,25-01-2018,H,FC Barcelona,RCD Espanyol Barcelona,25,2-00,Deflected shot on goal,,Cataluña,2,0
18/19,LaLiga,08-12-2018,A,FC Barcelona,RCD Espanyol Barcelona,17,0-01,Direct free kick,,Cataluña,0,4
18/19,LaLiga,08-12-2018,A,FC Barcelona,RCD Espanyol Barcelona,65,0-04,Direct free kick,,Cataluña,0,4
18/19,LaLiga,30-03-2019,H,FC Barcelona,RCD Espanyol Barcelona,71,1-00,Direct free kick,,Cataluña,2,0
18/19,LaLiga,30-03-2019,H,FC Barcelona,RCD Espanyol Barcelona,89,2-00,Left-footed shot,Malcom,Cataluña,2,0
06/07,LaLiga,17-06-2007,A,FC Barcelona,Gimnastic de Tarragona,34,0-02,Left-footed shot,Deco,Cataluña,1,5
06/07,LaLiga,17-06-2007,A,FC Barcelona,Gimnastic de Tarragona,51,0-04,Left-footed shot,Deco,Cataluña,1,5
07/08,UEFA Champions League,19-09-2007,H,FC Barcelona,Olympique Lyon,82,2-00,Left-footed shot,Andres Iniesta,Lyon,3,0
07/08,UEFA Champions League,27-11-2007,A,FC Barcelona,Olympique Lyon,58,1-02,Penalty,,Lyon,2,2
08/09,UEFA Champions League,11-03-2009,H,FC Barcelona,Olympique Lyon,40,3-00,Left-footed shot,Samuel Etoo,Lyon,5,2
18/19,UEFA Champions League,13-03-2019,H,FC Barcelona,Olympique Lyon,18,1-00,Penalty,,Lyon,5,1
18/19,UEFA Champions League,13-03-2019,H,FC Barcelona,Olympique Lyon,78,3-01,Right-footed shot,Sergio Busquets,Lyon,5,1
22/23,Ligue 1,18-09-2022,A,Paris Saint-Germain,Olympique Lyon,5,0-01,Left-footed shot,Neymar,Lyon,0,1
07/08,LaLiga,29-09-2007,A,FC Barcelona,Levante UD,50,0-04,Left-footed shot,Deco,C. Valenciana,1,4
07/08,LaLiga,24-02-2008,H,FC Barcelona,Levante UD,44,2-01,Left-footed shot,Xavi,C. Valenciana,5,1
11-Dec,LaLiga,03-12-2011,H,FC Barcelona,Levante UD,55,4-00,Left-footed shot,Dani Alves,C. Valenciana,5,0
11-Dec,LaLiga,14-04-2012,A,FC Barcelona,Levante UD,64,1-01,Left-footed shot,Alexis Sanchez,C. Valenciana,1,2
11-Dec,LaLiga,14-04-2012,A,FC Barcelona,Levante UD,73,1-02,Penalty,,C. Valenciana,1,2
Dec-13,LaLiga,25-11-2012,A,FC Barcelona,Levante UD,46,0-01,Left-footed shot,Andres Iniesta,C. Valenciana,0,4
Dec-13,LaLiga,25-11-2012,A,FC Barcelona,Levante UD,51,0-02,Left-footed shot,Andres Iniesta,C. Valenciana,0,4
13/14,LaLiga,18-08-2013,H,FC Barcelona,Levante UD,13,2-00,Left-footed shot,Pedro,C. Valenciana,7,0
13/14,LaLiga,18-08-2013,H,FC Barcelona,Levante UD,42,5-00,Penalty,,C. Valenciana,7,0
14/15,LaLiga,21-09-2014,A,FC Barcelona,Levante UD,77,0-05,Right-footed shot,,C. Valenciana,0,5
14/15,LaLiga,15-02-2015,H,FC Barcelona,Levante UD,38,2-00,Right-footed shot,Marc Bartra,C. Valenciana,5,0
14/15,LaLiga,15-02-2015,H,FC Barcelona,Levante UD,59,3-00,Right-footed shot,Pedro,C. Valenciana,5,0
14/15,LaLiga,15-02-2015,H,FC Barcelona,Levante UD,65,4-00,Penalty,,C. Valenciana,5,0
15/16,LaLiga,20-09-2015,H,FC Barcelona,Levante UD,61,3-00,Penalty,,C. Valenciana,4,1
15/16,LaLiga,20-09-2015,H,FC Barcelona,Levante UD,90,4-01,Left-footed shot,Marc Bartra,C. Valenciana,4,1
17/18,LaLiga,07-01-2018,H,FC Barcelona,Levante UD,12,1-00,Left-footed shot,Jordi Alba,C. Valenciana,3,0
18/19,LaLiga,16-12-2018,A,FC Barcelona,Levante UD,43,0-02,Right-footed shot,Sergio Busquets,C. Valenciana,0,5
18/19,LaLiga,16-12-2018,A,FC Barcelona,Levante UD,47,0-03,Left-footed shot,,C. Valenciana,0,5
18/19,LaLiga,16-12-2018,A,FC Barcelona,Levante UD,60,0-04,Left-footed shot,Arturo Vidal,C. Valenciana,0,5
18/19,Copa del Rey,17-01-2019,H,FC Barcelona,Levante UD,54,3-00,Left-footed shot,Nelson Semedo,C. Valenciana,3,0
18/19,LaLiga,27-04-2019,H,FC Barcelona,Levante UD,62,1-00,Left-footed shot,Arturo Vidal,C. Valenciana,1,0
19/20,LaLiga,02-11-2019,A,FC Barcelona,Levante UD,38,0-01,Penalty,,C. Valenciana,3,1
20/21,LaLiga,13-12-2020,H,FC Barcelona,Levante UD,76,1-00,Left-footed shot,Frenkie de Jong,C. Valenciana,1,0
20/21,LaLiga,11-05-2021,A,FC Barcelona,Levante UD,25,0-01,Left-footed shot,,C. Valenciana,3,3
07/08,UEFA Champions League,02-10-2007,A,FC Barcelona,VfB Stuttgart,66,0-02,Deflected shot on goal,Thierry Henry,Stuttgart,0,2
09/10,UEFA Champions League,17-03-2010,H,FC Barcelona,VfB Stuttgart,13,1-00,Left-footed shot,Yaya Toure,Stuttgart,4,0
09/10,UEFA Champions League,17-03-2010,H,FC Barcelona,VfB Stuttgart,56,3-00,Left-footed shot,Dani Alves,Stuttgart,4,0
07/08,LaLiga,28-10-2007,H,FC Barcelona,UD Almera,80,2-00,Penalty,,,2,0
09/10,LaLiga,06-03-2010,A,FC Barcelona,UD Almera,42,1-01,Direct free kick,,,2,2
09/10,LaLiga,06-03-2010,A,FC Barcelona,UD Almera,66,2-02,Left-footed shot,,,2,2
10/11,LaLiga,20-11-2010,A,FC Barcelona,UD Almera,16,0-01,Left-footed shot,David Villa,,0,8
10/11,LaLiga,20-11-2010,A,FC Barcelona,UD Almera,36,0-05,Tap-in,,,0,8
10/11,LaLiga,20-11-2010,A,FC Barcelona,UD Almera,67,0-07,Tap-in,David Villa,,0,8
10/11,Copa del Rey,26-01-2011,H,FC Barcelona,UD Almera,9,1-00,Left-footed shot,Pedro,,5,0
10/11,Copa del Rey,26-01-2011,H,FC Barcelona,UD Almera,15,3-00,Left-footed shot,Andres Iniesta,,5,0
10/11,LaLiga,09-04-2011,H,FC Barcelona,UD Almera,52,1-01,Penalty,,,3,1
10/11,LaLiga,09-04-2011,H,FC Barcelona,UD Almera,90+1,3-01,Left-footed shot,Seydou Keita,,3,1
13/14,LaLiga,28-09-2013,A,FC Barcelona,UD Almera,21,0-01,Left-footed shot,Pedro,,0,2
13/14,LaLiga,02-03-2014,H,FC Barcelona,UD Almera,24,2-00,Direct free kick,,,4,1
14/15,LaLiga,08-04-2015,H,FC Barcelona,UD Almera,33,1-00,Left-footed shot,Marc Bartra,,4,0
07/08,UEFA Champions League,07-11-2007,H,FC Barcelona,Rangers FC,41,2-00,Left-footed shot,Ronaldinho Gaacho,Glasgow,2,0
07/08,UEFA Champions League,20-02-2008,A,FC Barcelona,Celtic FC,18,1-01,Left-footed shot,Deco,Glasgow,2,3
07/08,UEFA Champions League,20-02-2008,A,FC Barcelona,Celtic FC,79,2-03,Left-footed shot,,Glasgow,2,3
Dec-13,UEFA Champions League,07-11-2012,A,FC Barcelona,Celtic FC,90+1,2-01,Tap-in,,Glasgow,2,1
16/17,UEFA Champions League,13-09-2016,H,FC Barcelona,Celtic FC,3,1-00,Left-footed shot,Neymar,Glasgow,7,0
16/17,UEFA Champions League,13-09-2016,H,FC Barcelona,Celtic FC,27,2-00,Left-footed shot,Neymar,Glasgow,7,0
16/17,UEFA Champions League,13-09-2016,H,FC Barcelona,Celtic FC,60,5-00,Left-footed shot,Luis Suarez,Glasgow,7,0
16/17,UEFA Champions League,23-11-2016,A,FC Barcelona,Celtic FC,24,0-01,Left-footed shot,Neymar,Glasgow,0,2
16/17,UEFA Champions League,23-11-2016,A,FC Barcelona,Celtic FC,55,0-02,Penalty,,Glasgow,0,2
07/08,LaLiga,04-05-2008,H,FC Barcelona,Valencia CF,5,1-00,Penalty,,C. Valenciana,6,0
08/09,LaLiga,25-04-2009,A,FC Barcelona,Valencia CF,23,0-01,Left-footed shot,Andres Iniesta,C. Valenciana,2,2
09/10,LaLiga,14-03-2010,H,FC Barcelona,Valencia CF,56,1-00,Left-footed shot,Xavi,C. Valenciana,3,0
09/10,LaLiga,14-03-2010,H,FC Barcelona,Valencia CF,80,2-00,Left-footed shot,Thierry Henry,C. Valenciana,3,0
09/10,LaLiga,14-03-2010,H,FC Barcelona,Valencia CF,82,3-00,Right-footed shot,Thierry Henry,C. Valenciana,3,0
10/11,LaLiga,02-03-2011,A,FC Barcelona,Valencia CF,77,0-01,Left-footed shot,Adriano,C. Valenciana,0,1
11-Dec,LaLiga,19-02-2012,H,FC Barcelona,Valencia CF,21,1-01,Left-footed shot,,C. Valenciana,5,1
11-Dec,LaLiga,19-02-2012,H,FC Barcelona,Valencia CF,27,2-01,Tap-in,,C. Valenciana,5,1
11-Dec,LaLiga,19-02-2012,H,FC Barcelona,Valencia CF,75,3-01,Left-footed shot,Cristian Tello,C. Valenciana,5,1
11-Dec,LaLiga,19-02-2012,H,FC Barcelona,Valencia CF,84,4-01,Left-footed shot,Sergio Busquets,C. Valenciana,5,1
Dec-13,LaLiga,03-02-2013,A,FC Barcelona,Valencia CF,39,1-01,Penalty,,C. Valenciana,1,1
13/14,LaLiga,01-09-2013,A,FC Barcelona,Valencia CF,11,0-01,Left-footed shot,Cesc Fabregas,C. Valenciana,2,3
13/14,LaLiga,01-09-2013,A,FC Barcelona,Valencia CF,39,0-02,Right-footed shot,Cesc Fabregas,C. Valenciana,2,3
13/14,LaLiga,01-09-2013,A,FC Barcelona,Valencia CF,41,0-03,Left-footed shot,Neymar,C. Valenciana,2,3
13/14,LaLiga,01-02-2014,H,FC Barcelona,Valencia CF,54,2-02,Penalty,,C. Valenciana,2,3
14/15,LaLiga,18-04-2015,H,FC Barcelona,Valencia CF,90+4,2-00,Left-footed shot,,C. Valenciana,2,0
15/16,Copa del Rey,03-02-2016,H,FC Barcelona,Valencia CF,29,3-00,Left-footed shot,Neymar,C. Valenciana,7,0
15/16,Copa del Rey,03-02-2016,H,FC Barcelona,Valencia CF,59,4-00,Left-footed shot,Luis Suarez,C. Valenciana,7,0
15/16,Copa del Rey,03-02-2016,H,FC Barcelona,Valencia CF,74,5-00,Left-footed shot,,C. Valenciana,7,0
15/16,LaLiga,17-04-2016,H,FC Barcelona,Valencia CF,63,1-02,Left-footed shot,Jordi Alba,C. Valenciana,1,2
16/17,LaLiga,22-10-2016,A,FC Barcelona,Valencia CF,22,0-01,Left-footed shot,Ivan Rakitic,C. Valenciana,2,3
16/17,LaLiga,22-10-2016,A,FC Barcelona,Valencia CF,90+4,2-03,Penalty,,C. Valenciana,2,3
16/17,LaLiga,19-03-2017,H,FC Barcelona,Valencia CF,45,2-01,Penalty,,C. Valenciana,4,2
16/17,LaLiga,19-03-2017,H,FC Barcelona,Valencia CF,53,3-02,Right-footed shot,Javier Mascherano,C. Valenciana,4,2
18/19,LaLiga,07-10-2018,A,FC Barcelona,Valencia CF,23,1-01,Left-footed shot,Luis Suarez,C. Valenciana,1,1
18/19,LaLiga,02-02-2019,H,FC Barcelona,Valencia CF,39,1-02,Penalty,,C. Valenciana,2,2
18/19,LaLiga,02-02-2019,H,FC Barcelona,Valencia CF,64,2-02,Left-footed shot,Arturo Vidal,C. Valenciana,2,2
18/19,Copa del Rey,25-05-2019,H,FC Barcelona,Valencia CF,73,1-02,Left-footed shot,Clement Lenglet,C. Valenciana,1,2
20/21,LaLiga,19-12-2020,H,FC Barcelona,Valencia CF,45+4,1-01,Header,,C. Valenciana,2,2
20/21,LaLiga,02-05-2021,A,FC Barcelona,Valencia CF,57,1-01,Left-footed shot,,C. Valenciana,2,3
20/21,LaLiga,02-05-2021,A,FC Barcelona,Valencia CF,69,1-03,Direct free kick,,C. Valenciana,2,3
08/09,LaLiga,21-09-2008,A,FC Barcelona,Sporting GijÃ³n,85,1-05,Left-footed shot,Andres Iniesta,Asturias,1,6
08/09,LaLiga,21-09-2008,A,FC Barcelona,Sporting GijÃ³n,89,1-06,Header,Xavi,Asturias,1,6
15/16,LaLiga,17-02-2016,A,FC Barcelona,Sporting GijÃ³n,25,0-01,Left-footed shot,Luis Suarez,Asturias,1,3
15/16,LaLiga,17-02-2016,A,FC Barcelona,Sporting GijÃ³n,31,1-02,Left-footed shot,Luis Suarez,Asturias,1,3
15/16,LaLiga,23-04-2016,H,FC Barcelona,Sporting GijÃ³n,13,1-00,Header,,Asturias,6,0
16/17,LaLiga,01-03-2017,H,FC Barcelona,Sporting GijÃ³n,9,1-00,Header,Javier Mascherano,Asturias,6,1
08/09,UEFA Champions League,01-10-2008,A,FC Barcelona,Shakhtar Donetsk,87,1-01,Right-footed shot,Bojan Krkic,Donetsk,1,2
08/09,UEFA Champions League,01-10-2008,A,FC Barcelona,Shakhtar Donetsk,90+2,1-02,Left-footed shot,Xavi,Donetsk,1,2
10/11,UEFA Champions League,12-04-2011,A,FC Barcelona,Shakhtar Donetsk,42,0-01,Left-footed shot,Dani Alves,Donetsk,0,1
08/09,UEFA Champions League,22-10-2008,A,FC Barcelona,FC Basel 1893,4,0-01,Left-footed shot,Dani Alves,Basilea,0,5
08/09,UEFA Champions League,04-11-2008,H,FC Barcelona,FC Basel 1893,61,1-00,Left-footed shot,Thierry Henry,Basilea,1,1
08/09,LaLiga,01-11-2008,A,FC Barcelona,Malaga CF,19,1-02,Left-footed shot,,Andalucía,1,4
08/09,LaLiga,22-03-2009,H,FC Barcelona,Malaga CF,26,2-00,Right-footed shot,Xavi,Andalucía,6,0
09/10,LaLiga,27-02-2010,H,FC Barcelona,Malaga CF,84,2-01,Right-footed shot,Dani Alves,Andalucía,2,1
11-Dec,LaLiga,22-01-2012,A,FC Barcelona,Malaga CF,32,0-01,Header,Adriano,Andalucía,1,4
11-Dec,LaLiga,22-01-2012,A,FC Barcelona,Malaga CF,51,0-03,Left-footed shot,Thiago,Andalucía,1,4
11-Dec,LaLiga,22-01-2012,A,FC Barcelona,Malaga CF,77,0-04,Left-footed shot,Pedro,Andalucía,1,4
11-Dec,LaLiga,02-05-2012,H,FC Barcelona,Malaga CF,34,2-01,Penalty,,Andalucía,4,1
11-Dec,LaLiga,02-05-2012,H,FC Barcelona,Malaga CF,60,3-01,Penalty,,Andalucía,4,1
11-Dec,LaLiga,02-05-2012,H,FC Barcelona,Malaga CF,63,4-01,Left-footed shot,Andres Iniesta,Andalucía,4,1
Dec-13,LaLiga,13-01-2013,A,FC Barcelona,Malaga CF,26,0-01,Right-footed shot,,Andalucía,1,3
Dec-13,Copa del Rey,16-01-2013,H,FC Barcelona,Malaga CF,29,1-01,Left-footed shot,,Andalucía,2,2
Dec-13,Copa del Rey,24-01-2013,A,FC Barcelona,Malaga CF,79,2-04,Header,Dani Alves,Andalucía,2,4
15/16,LaLiga,23-01-2016,A,FC Barcelona,Malaga CF,51,1-02,Left-footed shot,Adriano,Andalucía,1,2
08/09,Copa del Rey,12-11-2008,H,FC Barcelona,Benidorm CD,86,1-00,Penalty rebound,,C. Valenciana,1,0
08/09,UEFA Champions League,26-11-2008,A,FC Barcelona,Sporting CP,49,0-03,Left-footed shot,Dani Alves,Lisboa,2,5
08/09,LaLiga,24-01-2009,H,FC Barcelona,CD Numancia,49,1-00,Left-footed shot,Dani Alves,Castilla y León,4,1
08/09,LaLiga,24-01-2009,H,FC Barcelona,CD Numancia,76,4-01,Right-footed shot,,Castilla y León,4,1
08/09,UEFA Champions League,08-04-2009,H,FC Barcelona,Bayern Munich,9,1-00,Left-footed shot,Samuel Etoo,Munich,4,0
08/09,UEFA Champions League,08-04-2009,H,FC Barcelona,Bayern Munich,38,3-00,Right-footed shot,Thierry Henry,Munich,4,0
14/15,UEFA Champions League,06-05-2015,H,FC Barcelona,Bayern Munich,77,1-00,Left-footed shot,Dani Alves,Munich,3,0
14/15,UEFA Champions League,06-05-2015,H,FC Barcelona,Bayern Munich,80,2-00,Right-footed shot,Ivan Rakitic,Munich,3,0
08/09,UEFA Champions League,27-05-2009,H,FC Barcelona,Manchester United,70,2-00,Header,Xavi,Manchester,2,0
10/11,UEFA Champions League,28-05-2011,H,FC Barcelona,Manchester United,54,2-01,Left-footed shot,Andres Iniesta,Manchester,3,1
18/19,UEFA Champions League,16-04-2019,H,FC Barcelona,Manchester United,16,1-00,Left-footed shot,,Manchester,3,0
18/19,UEFA Champions League,16-04-2019,H,FC Barcelona,Manchester United,20,2-00,Right-footed shot,,Manchester,3,0
09/10,UEFA Champions League,29-09-2009,H,FC Barcelona,Dynamo Kyiv,25,1-00,Left-footed shot,Andres Iniesta,Kiev,2,0
09/10,UEFA Champions League,09-12-2009,A,FC Barcelona,Dynamo Kyiv,86,1-02,Direct free kick,,Kiev,1,2
20/21,UEFA Champions League,04-11-2020,H,FC Barcelona,Dynamo Kyiv,5,1-00,Penalty,,Kiev,2,1
09/10,Copa del Rey,10-11-2009,H,FC Barcelona,Cultural Leonesa,64,4-00,Left-footed shot,Pedro,Castilla y León,5,0
09/10,FIFA Club World Cup,16-12-2009,A,FC Barcelona,CF Atlante,55,1-02,Left-footed shot,Zlatan Ibrahimovic,Ciudad de México,1,3
09/10,FIFA Club World Cup,19-12-2009,A,FC Barcelona,Club Estudiantes de La Plata,110,1-02,Chest,Dani Alves,Buenos Aires,1,2
09/10,LaLiga,10-01-2010,A,FC Barcelona,CD Tenerife,36,0-01,Left-footed shot,Bojan Krkic,Islas Canarias,0,5
09/10,LaLiga,10-01-2010,A,FC Barcelona,CD Tenerife,45,0-03,Right-footed shot,Bojan Krkic,Islas Canarias,0,5
09/10,LaLiga,10-01-2010,A,FC Barcelona,CD Tenerife,75,0-04,Left-footed shot,Bojan Krkic,Islas Canarias,0,5
09/10,LaLiga,04-05-2010,H,FC Barcelona,CD Tenerife,16,1-00,Right-footed shot,Zlatan Ibrahimovic,Islas Canarias,4,1
09/10,LaLiga,04-05-2010,H,FC Barcelona,CD Tenerife,90+3,4-01,Right-footed shot,Dani Alves,Islas Canarias,4,1
09/10,LaLiga,23-01-2010,A,FC Barcelona,Real Valladolid CF,54,0-03,Left-footed shot,Zlatan Ibrahimovic,Castilla y León,0,3
09/10,LaLiga,16-05-2010,H,FC Barcelona,Real Valladolid CF,61,3-00,Right-footed shot,Yaya Toure,Castilla y León,4,0
09/10,LaLiga,16-05-2010,H,FC Barcelona,Real Valladolid CF,74,4-00,Left-footed shot,Yaya Toure,Castilla y León,4,0
Dec-13,LaLiga,22-12-2012,A,FC Barcelona,Real Valladolid CF,59,0-02,Left-footed shot,Xavi,Castilla y León,1,3
18/19,LaLiga,16-02-2019,H,FC Barcelona,Real Valladolid CF,43,1-00,Penalty,,Castilla y León,1,0
19/20,LaLiga,29-10-2019,H,FC Barcelona,Real Valladolid CF,34,3-01,Direct free kick,,Castilla y León,5,1
19/20,LaLiga,29-10-2019,H,FC Barcelona,Real Valladolid CF,75,4-01,Left-footed shot,Ivan Rakitic,Castilla y León,5,1
20/21,LaLiga,22-12-2020,A,FC Barcelona,Real Valladolid CF,65,0-03,Left-footed shot,Pedri,Castilla y León,0,3
09/10,UEFA Champions League,06-04-2010,H,FC Barcelona,Arsenal FC,21,1-01,Left-footed shot,,Londres,4,1
09/10,UEFA Champions League,06-04-2010,H,FC Barcelona,Arsenal FC,37,2-01,Right-footed shot,Pedro,Londres,4,1
09/10,UEFA Champions League,06-04-2010,H,FC Barcelona,Arsenal FC,42,3-01,Left-footed shot,Seydou Keita,Londres,4,1
09/10,UEFA Champions League,06-04-2010,H,FC Barcelona,Arsenal FC,88,4-01,Left-footed shot,Xavi,Londres,4,1
10/11,UEFA Champions League,08-03-2011,H,FC Barcelona,Arsenal FC,49,1-00,Left-footed shot,Andres Iniesta,Londres,3,1
10/11,UEFA Champions League,08-03-2011,H,FC Barcelona,Arsenal FC,72,3-01,Penalty,,Londres,3,1
15/16,UEFA Champions League,23-02-2016,A,FC Barcelona,Arsenal FC,71,0-01,Left-footed shot,Neymar,Londres,0,2
15/16,UEFA Champions League,23-02-2016,A,FC Barcelona,Arsenal FC,83,0-02,Penalty,,Londres,0,2
15/16,UEFA Champions League,16-03-2016,H,FC Barcelona,Arsenal FC,86,3-01,Left-footed shot,Neymar,Londres,3,1
09/10,LaLiga,01-05-2010,A,FC Barcelona,Villarreal CF,18,0-01,Left-footed shot,Xavi,C. Valenciana,1,4
09/10,LaLiga,01-05-2010,A,FC Barcelona,Villarreal CF,87,1-04,Left-footed shot,Dani Alves,C. Valenciana,1,4
10/11,LaLiga,13-11-2010,H,FC Barcelona,Villarreal CF,58,2-01,Right-footed shot,Pedro,C. Valenciana,3,1
10/11,LaLiga,13-11-2010,H,FC Barcelona,Villarreal CF,83,3-01,Left-footed shot,Pedro,C. Valenciana,3,1
11-Dec,LaLiga,29-08-2011,H,FC Barcelona,Villarreal CF,51,4-00,Right-footed shot,Andres Iniesta,C. Valenciana,5,0
11-Dec,LaLiga,29-08-2011,H,FC Barcelona,Villarreal CF,74,5-00,Left-footed shot,Thiago,C. Valenciana,5,0
13/14,LaLiga,27-04-2014,A,FC Barcelona,Villarreal CF,83,2-03,Right-footed shot,Cesc Fabregas,C. Valenciana,2,3
14/15,LaLiga,01-02-2015,H,FC Barcelona,Villarreal CF,55,3-02,Right-footed shot,Luis Suarez,C. Valenciana,3,2
14/15,Copa del Rey,11-02-2015,H,FC Barcelona,Villarreal CF,41,1-00,Left-footed shot,Luis Suarez,C. Valenciana,3,1
16/17,LaLiga,08-01-2017,A,FC Barcelona,Villarreal CF,90,1-01,Direct free kick,,C. Valenciana,1,1
16/17,LaLiga,06-05-2017,H,FC Barcelona,Villarreal CF,45,2-01,Left-footed shot,Sergio Busquets,C. Valenciana,4,1
16/17,LaLiga,06-05-2017,H,FC Barcelona,Villarreal CF,82,4-01,Penalty,,C. Valenciana,4,1
17/18,LaLiga,10-12-2017,A,FC Barcelona,Villarreal CF,83,0-02,Left-footed shot,Sergio Busquets,C. Valenciana,0,2
17/18,LaLiga,09-05-2018,H,FC Barcelona,Villarreal CF,45,3-00,Left-footed shot,Andres Iniesta,C. Valenciana,5,1
18/19,LaLiga,02-04-2019,A,FC Barcelona,Villarreal CF,90,4-03,Direct free kick,,C. Valenciana,4,4
20/21,LaLiga,27-09-2020,H,FC Barcelona,Villarreal CF,35,3-00,Penalty,,C. Valenciana,4,0
10/11,UEFA Champions League,20-10-2010,H,FC Barcelona,FC Copenhagen,18,1-00,Left-footed shot,Andres Iniesta,Copenague,2,0
10/11,UEFA Champions League,20-10-2010,H,FC Barcelona,FC Copenhagen,90+1,2-00,Left-footed shot,Ã‰ric Abidal,Copenague,2,0
10/11,UEFA Champions League,02-11-2010,A,FC Barcelona,FC Copenhagen,31,0-01,Right-footed shot,,Copenague,1,1
10/11,Copa del Rey,10-11-2010,H,FC Barcelona,Club Atletico de Ceuta,67,5-01,Left-footed shot,Thiago,Ceuta,5,1
10/11,LaLiga,12-12-2010,H,FC Barcelona,Real Sociedad,46,3-00,Left-footed shot,Dani Alves,País Vasco,5,0
10/11,LaLiga,12-12-2010,H,FC Barcelona,Real Sociedad,86,4-00,Left-footed shot,Bojan Krkic,País Vasco,5,0
11-Dec,LaLiga,04-02-2012,H,FC Barcelona,Real Sociedad,72,2-00,Left-footed shot,Dani Alves,País Vasco,2,1
Dec-13,LaLiga,19-08-2012,H,FC Barcelona,Real Sociedad,10,2-01,Left-footed shot,Pedro,País Vasco,5,1
Dec-13,LaLiga,19-08-2012,H,FC Barcelona,Real Sociedad,15,3-01,Left-footed shot,Cristian Tello,País Vasco,5,1
Dec-13,LaLiga,19-01-2013,A,FC Barcelona,Real Sociedad,6,0-01,Left-footed shot,Andres Iniesta,País Vasco,3,2
13/14,LaLiga,24-09-2013,H,FC Barcelona,Real Sociedad,8,2-00,Header,Neymar,País Vasco,4,1
13/14,Copa del Rey,12-02-2014,A,FC Barcelona,Real Sociedad,26,0-01,Solo run,,País Vasco,1,1
13/14,LaLiga,22-02-2014,A,FC Barcelona,Real Sociedad,36,1-01,Left-footed shot,Marta Montoya,País Vasco,3,1
15/16,LaLiga,28-11-2015,H,FC Barcelona,Real Sociedad,90+1,4-00,Left-footed shot,Neymar,País Vasco,4,0
16/17,LaLiga,27-11-2016,A,FC Barcelona,Real Sociedad,59,1-01,Left-footed shot,Neymar,País Vasco,1,1
16/17,Copa del Rey,26-01-2017,H,FC Barcelona,Real Sociedad,55,2-00,Penalty,,País Vasco,5,2
16/17,LaLiga,15-04-2017,H,FC Barcelona,Real Sociedad,17,1-00,Left-footed shot,Luis Suarez,País Vasco,3,2
16/17,LaLiga,15-04-2017,H,FC Barcelona,Real Sociedad,37,2-00,Tap-in,,País Vasco,3,2
17/18,LaLiga,14-01-2018,A,FC Barcelona,Real Sociedad,85,2-04,Direct free kick,,País Vasco,2,4
19/20,LaLiga,07-03-2020,H,FC Barcelona,Real Sociedad,81,1-00,Penalty,,País Vasco,1,0
20/21,LaLiga,21-03-2021,A,FC Barcelona,Real Sociedad,56,0-04,Left-footed shot,Sergio Busquets,País Vasco,1,6
20/21,LaLiga,21-03-2021,A,FC Barcelona,Real Sociedad,89,1-06,Left-footed shot,Jordi Alba,País Vasco,1,6
10/11,LaLiga,29-01-2011,A,FC Barcelona,Hercules CF,87,0-02,Left-footed shot,Dani Alves,C. Valenciana,0,3
10/11,LaLiga,29-01-2011,A,FC Barcelona,Hercules CF,89,0-03,Left-footed shot,Dani Alves,C. Valenciana,0,3
11-Dec,UEFA Super Cup,26-08-2011,H,FC Barcelona,FC Porto,39,1-00,Left-footed shot,,Oporto,2,0
11-Dec,UEFA Champions League,28-09-2011,A,FC Barcelona,BATE Borisov,38,0-03,Header,,Borisov,0,5
11-Dec,UEFA Champions League,28-09-2011,A,FC Barcelona,BATE Borisov,56,0-04,Left-footed shot,Dani Alves,Borisov,0,5
11-Dec,UEFA Champions League,01-11-2011,A,FC Barcelona,FC Viktoria Plzen,24,0-01,Penalty,,Pilsen,0,4
11-Dec,UEFA Champions League,01-11-2011,A,FC Barcelona,FC Viktoria Plzen,45+2,0-02,Left-footed shot,Adriano,Pilsen,0,4
11-Dec,UEFA Champions League,01-11-2011,A,FC Barcelona,FC Viktoria Plzen,90+2,0-04,Left-footed shot,Gerard Pique,Pilsen,0,4
11-Dec,UEFA Champions League,23-11-2011,A,FC Barcelona,AC Milan,31,1-02,Penalty,,Milan,2,3
11-Dec,UEFA Champions League,03-04-2012,H,FC Barcelona,AC Milan,11,1-00,Penalty,,Milan,3,1
11-Dec,UEFA Champions League,03-04-2012,H,FC Barcelona,AC Milan,42,2-01,Penalty,,Milan,3,1
Dec-13,UEFA Champions League,12-03-2013,H,FC Barcelona,AC Milan,5,1-00,Left-footed shot,Xavi,Milan,4,0
Dec-13,UEFA Champions League,12-03-2013,H,FC Barcelona,AC Milan,40,2-00,Left-footed shot,Andres Iniesta,Milan,4,0
13/14,UEFA Champions League,22-10-2013,A,FC Barcelona,AC Milan,23,1-01,Left-footed shot,Andres Iniesta,Milan,1,1
13/14,UEFA Champions League,06-11-2013,H,FC Barcelona,AC Milan,30,1-00,Penalty,,Milan,3,1
13/14,UEFA Champions League,06-11-2013,H,FC Barcelona,AC Milan,83,3-01,Left-footed shot,Cesc Fabregas,Milan,3,1
11-Dec,LaLiga,29-11-2011,H,FC Barcelona,Rayo Vallecano,49,4-00,Left-footed shot,Dani Alves,Madrid,4,0
11-Dec,LaLiga,29-04-2012,A,FC Barcelona,Rayo Vallecano,16,0-01,Left-footed shot,Pedro,Madrid,0,7
11-Dec,LaLiga,29-04-2012,A,FC Barcelona,Rayo Vallecano,88,0-07,Left-footed shot,Pedro,Madrid,0,7
Dec-13,LaLiga,27-10-2012,A,FC Barcelona,Rayo Vallecano,48,0-02,Left-footed shot,Marta Montoya,Madrid,0,5
Dec-13,LaLiga,27-10-2012,A,FC Barcelona,Rayo Vallecano,89,0-05,Right-footed shot,Cesc Fabregas,Madrid,0,5
Dec-13,LaLiga,17-03-2013,H,FC Barcelona,Rayo Vallecano,40,2-00,Left-footed shot,David Villa,Madrid,3,1
Dec-13,LaLiga,17-03-2013,H,FC Barcelona,Rayo Vallecano,57,3-00,Left-footed shot,David Villa,Madrid,3,1
13/14,LaLiga,15-02-2014,H,FC Barcelona,Rayo Vallecano,36,2-00,Left-footed shot,Cesc Fabregas,Madrid,6,0
13/14,LaLiga,15-02-2014,H,FC Barcelona,Rayo Vallecano,68,5-00,Left-footed shot,Alexis Sanchez,Madrid,6,0
14/15,LaLiga,04-10-2014,A,FC Barcelona,Rayo Vallecano,35,0-01,Left-footed shot,Gerard Pique,Madrid,0,2
14/15,LaLiga,08-03-2015,H,FC Barcelona,Rayo Vallecano,56,3-00,Penalty,,Madrid,6,1
14/15,LaLiga,08-03-2015,H,FC Barcelona,Rayo Vallecano,63,4-00,Tap-in,,Madrid,6,1
14/15,LaLiga,08-03-2015,H,FC Barcelona,Rayo Vallecano,68,5-00,Left-footed shot,Pedro,Madrid,6,1
15/16,LaLiga,03-03-2016,A,FC Barcelona,Rayo Vallecano,23,0-02,Left-footed shot,Neymar,Madrid,1,5
15/16,LaLiga,03-03-2016,A,FC Barcelona,Rayo Vallecano,53,0-03,Left-footed shot,,Madrid,1,5
15/16,LaLiga,03-03-2016,A,FC Barcelona,Rayo Vallecano,72,1-04,Left-footed shot,Sergio Busquets,Madrid,1,5
18/19,LaLiga,09-03-2019,H,FC Barcelona,Rayo Vallecano,51,2-01,Penalty,,Madrid,3,1
20/21,Copa del Rey,27-01-2021,A,FC Barcelona,Rayo Vallecano,69,1-01,Left-footed shot,Antoine Griezmann,Madrid,1,2
11-Dec,FIFA Club World Cup,18-12-2011,A,FC Barcelona,Santos FC,17,0-01,Left-footed shot,Xavi,Sao Paulo,0,4
11-Dec,FIFA Club World Cup,18-12-2011,A,FC Barcelona,Santos FC,82,0-04,Left-footed shot,Dani Alves,Sao Paulo,0,4
11-Dec,UEFA Champions League,14-02-2012,A,FC Barcelona,Bayer 04 Leverkusen,88,1-03,Left-footed shot,Dani Alves,Leverkusen,1,3
11-Dec,UEFA Champions League,07-03-2012,H,FC Barcelona,Bayer 04 Leverkusen,25,1-00,Left-footed shot,Xavi,Leverkusen,7,1
11-Dec,UEFA Champions League,07-03-2012,H,FC Barcelona,Bayer 04 Leverkusen,42,2-00,Left-footed shot,Andres Iniesta,Leverkusen,7,1
11-Dec,UEFA Champions League,07-03-2012,H,FC Barcelona,Bayer 04 Leverkusen,50,3-00,Right-footed shot,Cesc Fabregas,Leverkusen,7,1
11-Dec,UEFA Champions League,07-03-2012,H,FC Barcelona,Bayer 04 Leverkusen,58,5-00,Left-footed shot,,Leverkusen,7,1
11-Dec,UEFA Champions League,07-03-2012,H,FC Barcelona,Bayer 04 Leverkusen,85,7-00,Left-footed shot,Seydou Keita,Leverkusen,7,1
15/16,UEFA Champions League,09-12-2015,A,FC Barcelona,Bayer 04 Leverkusen,20,0-01,Right-footed shot,Ivan Rakitic,Leverkusen,1,1
11-Dec,LaLiga,20-03-2012,H,FC Barcelona,Granada CF,16,2-00,Left-footed shot,Isaac Cuenca,Andalucía,5,3
11-Dec,LaLiga,20-03-2012,H,FC Barcelona,Granada CF,66,3-02,Left-footed shot,Dani Alves,Andalucía,5,3
11-Dec,LaLiga,20-03-2012,H,FC Barcelona,Granada CF,85,5-02,Left-footed shot,Dani Alves,Andalucía,5,3
Dec-13,LaLiga,16-02-2013,A,FC Barcelona,Granada CF,49,1-01,Left-footed shot,,Andalucía,1,2
Dec-13,LaLiga,16-02-2013,A,FC Barcelona,Granada CF,72,1-02,Direct free kick,,Andalucía,1,2
14/15,LaLiga,27-09-2014,H,FC Barcelona,Granada CF,62,4-00,Header,Dani Alves,Andalucía,6,0
14/15,LaLiga,27-09-2014,H,FC Barcelona,Granada CF,82,6-00,Right-footed shot,,Andalucía,6,0
14/15,LaLiga,28-02-2015,A,FC Barcelona,Granada CF,70,1-03,Right-footed shot,Luis Suarez,Andalucía,1,3
15/16,LaLiga,09-01-2016,H,FC Barcelona,Granada CF,8,1-00,Left-footed shot,Arda Turan,Andalucía,4,0
15/16,LaLiga,09-01-2016,H,FC Barcelona,Granada CF,14,2-00,Left-footed shot,Luis Suarez,Andalucía,4,0
15/16,LaLiga,09-01-2016,H,FC Barcelona,Granada CF,58,3-00,Tap-in,,Andalucía,4,0
19/20,LaLiga,19-01-2020,H,FC Barcelona,Granada CF,76,1-00,Right-footed shot,Arturo Vidal,Andalucía,1,0
20/21,LaLiga,09-01-2021,A,FC Barcelona,Granada CF,35,0-02,Left-footed shot,Antoine Griezmann,Andalucía,0,4
20/21,LaLiga,09-01-2021,A,FC Barcelona,Granada CF,42,0-03,Direct free kick,,Andalucía,0,4
20/21,LaLiga,29-04-2021,H,FC Barcelona,Granada CF,23,1-00,Left-footed shot,Antoine Griezmann,Andalucía,1,2
Dec-13,UEFA Champions League,19-09-2012,H,FC Barcelona,Spartak Moscow,71,2-02,Left-footed shot,Cristian Tello,Moscú,3,2
Dec-13,UEFA Champions League,19-09-2012,H,FC Barcelona,Spartak Moscow,80,3-02,Header,Alexis Sanchez,Moscú,3,2
Dec-13,UEFA Champions League,20-11-2012,A,FC Barcelona,Spartak Moscow,27,0-02,Right-footed shot,,Moscú,0,3
Dec-13,UEFA Champions League,20-11-2012,A,FC Barcelona,Spartak Moscow,39,0-03,Left-footed shot,Pedro,Moscú,0,3
Dec-13,Copa del Rey,12-12-2012,A,FC Barcelona,CÃ³rdoba CF,10,0-01,Left-footed shot,David Villa,Andalucía,0,2
Dec-13,Copa del Rey,12-12-2012,A,FC Barcelona,CÃ³rdoba CF,73,0-02,Left-footed shot,Alexis Sanchez,Andalucía,0,2
14/15,LaLiga,20-12-2014,H,FC Barcelona,CÃ³rdoba CF,82,4-00,Right-footed shot,,Andalucía,5,0
14/15,LaLiga,20-12-2014,H,FC Barcelona,CÃ³rdoba CF,90,5-00,Right-footed shot,,Andalucía,5,0
14/15,LaLiga,02-05-2015,A,FC Barcelona,CÃ³rdoba CF,47,0-03,Header,Dani Alves,Andalucía,0,8
14/15,LaLiga,02-05-2015,A,FC Barcelona,CÃ³rdoba CF,80,0-06,Left-footed shot,Luis Suarez,Andalucía,0,8
Dec-13,UEFA Champions League,02-04-2013,A,FC Barcelona,Paris Saint-Germain,38,0-01,Left-footed shot,Dani Alves,París,2,2
14/15,UEFA Champions League,30-09-2014,A,FC Barcelona,Paris Saint-Germain,12,1-01,Left-footed shot,Andres Iniesta,París,3,2
14/15,UEFA Champions League,10-12-2014,H,FC Barcelona,Paris Saint-Germain,19,1-01,Right-footed shot,Luis Suarez,París,3,1
16/17,UEFA Champions League,08-03-2017,H,FC Barcelona,Paris Saint-Germain,50,3-00,Penalty,,París,6,1
20/21,UEFA Champions League,16-02-2021,H,FC Barcelona,Paris Saint-Germain,27,1-00,Penalty,,París,1,4
20/21,UEFA Champions League,10-03-2021,A,FC Barcelona,Paris Saint-Germain,37,1-01,Long distance kick,Pedri,París,1,1
13/14,UEFA Champions League,18-09-2013,H,FC Barcelona,Ajax Amsterdam,22,1-00,Direct free kick,,Amnsterdam,4,0
13/14,UEFA Champions League,18-09-2013,H,FC Barcelona,Ajax Amsterdam,55,2-00,Left-footed shot,Sergio Busquets,Amnsterdam,4,0
13/14,UEFA Champions League,18-09-2013,H,FC Barcelona,Ajax Amsterdam,75,4-00,Left-footed shot,Xavi,Amnsterdam,4,0
14/15,UEFA Champions League,21-10-2014,H,FC Barcelona,Ajax Amsterdam,24,2-00,Left-footed shot,Andres Iniesta,Amnsterdam,3,1
14/15,UEFA Champions League,05-11-2014,A,FC Barcelona,Ajax Amsterdam,36,0-01,Header,Marc Bartra,Amnsterdam,0,2
14/15,UEFA Champions League,05-11-2014,A,FC Barcelona,Ajax Amsterdam,76,0-02,Left-footed shot,Pedro,Amnsterdam,0,2
13/14,UEFA Champions League,18-02-2014,A,FC Barcelona,Manchester City,54,0-01,Penalty,,Manchester,0,2
13/14,UEFA Champions League,12-03-2014,H,FC Barcelona,Manchester City,67,1-00,Left-footed shot,,Manchester,2,1
16/17,UEFA Champions League,19-10-2016,H,FC Barcelona,Manchester City,17,1-00,Left-footed shot,Andres Iniesta,Manchester,4,0
16/17,UEFA Champions League,19-10-2016,H,FC Barcelona,Manchester City,61,2-00,Left-footed shot,Andres Iniesta,Manchester,4,0
16/17,UEFA Champions League,19-10-2016,H,FC Barcelona,Manchester City,69,3-00,Left-footed shot,Luis Suarez,Manchester,4,0
16/17,UEFA Champions League,01-11-2016,A,FC Barcelona,Manchester City,21,0-01,Left-footed shot,Neymar,Manchester,3,1
21/22,UEFA Champions League,28-09-2021,H,Paris Saint-Germain,Manchester City,74,2-00,Left-footed shot,Kylian Mbappe,Manchester,2,0
14/15,LaLiga,24-08-2014,H,FC Barcelona,Elche CF,42,1-00,Left-footed shot,Sergio Busquets,C. Valenciana,3,0
14/15,LaLiga,24-08-2014,H,FC Barcelona,Elche CF,64,3-00,Left-footed shot,,C. Valenciana,3,0
14/15,Copa del Rey,08-01-2015,H,FC Barcelona,Elche CF,45,3-00,Penalty,,C. Valenciana,5,0
14/15,LaLiga,24-01-2015,A,FC Barcelona,Elche CF,55,0-02,Penalty,,C. Valenciana,0,6
14/15,LaLiga,24-01-2015,A,FC Barcelona,Elche CF,88,0-05,Left-footed shot,Marc Bartra,C. Valenciana,0,6
20/21,LaLiga,24-02-2021,H,FC Barcelona,Elche CF,48,1-00,Left-footed shot,Martin Braithwaite,C. Valenciana,3,0
20/21,LaLiga,24-02-2021,H,FC Barcelona,Elche CF,68,2-00,Left-footed shot,Frenkie de Jong,C. Valenciana,3,0
14/15,LaLiga,18-10-2014,H,FC Barcelona,SD Eibar,74,3-00,Left-footed shot,Neymar,País Vasco,3,0
14/15,LaLiga,14-03-2015,A,FC Barcelona,SD Eibar,31,0-01,Penalty,,País Vasco,0,2
14/15,LaLiga,14-03-2015,A,FC Barcelona,SD Eibar,55,0-02,Header,Ivan Rakitic,País Vasco,0,2
15/16,LaLiga,06-03-2016,A,FC Barcelona,SD Eibar,42,0-02,Left-footed shot,Munir El Haddadi,País Vasco,0,4
15/16,LaLiga,06-03-2016,A,FC Barcelona,SD Eibar,76,0-03,Penalty,,País Vasco,0,4
16/17,LaLiga,22-01-2017,A,FC Barcelona,SD Eibar,50,0-02,Left-footed shot,Luis Suarez,País Vasco,0,4
16/17,LaLiga,21-05-2017,H,FC Barcelona,SD Eibar,75,3-02,Penalty,,País Vasco,4,2
16/17,LaLiga,21-05-2017,H,FC Barcelona,SD Eibar,90+2,4-02,Right-footed shot,,País Vasco,4,2
17/18,LaLiga,19-09-2017,H,FC Barcelona,SD Eibar,21,1-00,Penalty,,País Vasco,6,1
17/18,LaLiga,19-09-2017,H,FC Barcelona,SD Eibar,59,4-01,Left-footed shot,Sergio Busquets,País Vasco,6,1
17/18,LaLiga,19-09-2017,H,FC Barcelona,SD Eibar,62,5-01,Left-footed shot,Paulinho,País Vasco,6,1
17/18,LaLiga,19-09-2017,H,FC Barcelona,SD Eibar,87,6-01,Left-footed shot,Aleix Vidal,País Vasco,6,1
18/19,LaLiga,13-01-2019,H,FC Barcelona,SD Eibar,53,2-00,Left-footed shot,Luis Suarez,País Vasco,3,0
18/19,LaLiga,19-05-2019,A,FC Barcelona,SD Eibar,31,1-01,Left-footed shot,Arturo Vidal,País Vasco,2,2
18/19,LaLiga,19-05-2019,A,FC Barcelona,SD Eibar,32,1-02,Left-footed shot,Ivan Rakitic,País Vasco,2,2
19/20,LaLiga,19-10-2019,A,FC Barcelona,SD Eibar,58,0-02,Left-footed shot,Antoine Griezmann,País Vasco,0,3
19/20,LaLiga,22-02-2020,H,FC Barcelona,SD Eibar,14,1-00,Left-footed shot,Ivan Rakitic,País Vasco,5,0
19/20,LaLiga,22-02-2020,H,FC Barcelona,SD Eibar,37,2-00,Left-footed shot,Arturo Vidal,País Vasco,5,0
19/20,LaLiga,22-02-2020,H,FC Barcelona,SD Eibar,40,3-00,Left-footed shot,,País Vasco,5,0
19/20,LaLiga,22-02-2020,H,FC Barcelona,SD Eibar,87,4-00,Left-footed shot,,País Vasco,5,0
14/15,UEFA Champions League,25-11-2014,A,FC Barcelona,APOEL Nicosia,38,0-02,Right-footed shot,Rafinha,Nicosia,0,4
14/15,UEFA Champions League,25-11-2014,A,FC Barcelona,APOEL Nicosia,58,0-03,Right-footed shot,Dani Alves,Nicosia,0,4
14/15,UEFA Champions League,25-11-2014,A,FC Barcelona,APOEL Nicosia,87,0-04,Right-footed shot,Pedro,Nicosia,0,4
15/16,UEFA Champions League,24-11-2015,H,FC Barcelona,AS Roma,18,2-00,Left-footed shot,Luis Suarez,Roma,6,1
15/16,UEFA Champions League,24-11-2015,H,FC Barcelona,AS Roma,60,5-00,Tap-in,,Roma,6,1
15/16,FIFA Club World Cup,20-12-2015,A,FC Barcelona,CA River Plate,36,0-01,Left-footed shot,Neymar,Buenos Aires,0,3
16/17,LaLiga,17-09-2016,A,FC Barcelona,CD Leganes,15,0-01,Left-footed shot,Luis Suarez,Madrid,1,5
16/17,LaLiga,17-09-2016,A,FC Barcelona,CD Leganes,55,0-04,Penalty,,Madrid,1,5
16/17,LaLiga,19-02-2017,H,FC Barcelona,CD Leganes,4,1-00,Right-footed shot,Luis Suarez,Madrid,2,1
16/17,LaLiga,19-02-2017,H,FC Barcelona,CD Leganes,90,2-01,Penalty,,Madrid,2,1
17/18,LaLiga,07-04-2018,H,FC Barcelona,CD Leganes,27,1-00,Direct free kick,,Madrid,3,1
17/18,LaLiga,07-04-2018,H,FC Barcelona,CD Leganes,32,2-00,Left-footed shot,Philippe Coutinho,Madrid,3,1
17/18,LaLiga,07-04-2018,H,FC Barcelona,CD Leganes,87,3-01,Left-footed shot,Ousmane Dembele,Madrid,3,1
18/19,LaLiga,20-01-2019,H,FC Barcelona,CD Leganes,90+2,3-01,Right-footed shot,Jordi Alba,Madrid,3,1
19/20,Copa del Rey,30-01-2020,H,FC Barcelona,CD Leganes,59,3-00,Left-footed shot,Frenkie de Jong,Madrid,5,0
19/20,Copa del Rey,30-01-2020,H,FC Barcelona,CD Leganes,89,5-00,Left-footed shot,Ivan Rakitic,Madrid,5,0
19/20,LaLiga,16-06-2020,H,FC Barcelona,CD Leganes,69,2-00,Penalty,,Madrid,2,0
16/17,UEFA Champions League,06-12-2016,H,FC Barcelona,Borussia MÃ¶nchengladbach,16,1-00,Left-footed shot,Arda Turan,mönchengladbach,4,0
16/17,LaLiga,14-01-2017,H,FC Barcelona,UD Las Palmas,52,2-00,Right-footed shot,,Islas Canarias,5,0
17/18,LaLiga,01-10-2017,H,FC Barcelona,UD Las Palmas,70,2-00,Left-footed shot,Denis Suarez,Islas Canarias,3,0
17/18,LaLiga,01-10-2017,H,FC Barcelona,UD Las Palmas,77,3-00,Left-footed shot,Luis Suarez,Islas Canarias,3,0
17/18,LaLiga,01-03-2018,A,FC Barcelona,UD Las Palmas,21,0-01,Direct free kick,,Islas Canarias,1,1
17/18,UEFA Champions League,12-09-2017,H,FC Barcelona,Juventus FC,45,1-00,Left-footed shot,Luis Suarez,Turin,3,0
17/18,UEFA Champions League,12-09-2017,H,FC Barcelona,Juventus FC,69,3-00,Left-footed shot,,Turin,3,0
20/21,UEFA Champions League,28-10-2020,A,FC Barcelona,Juventus FC,90+1,0-02,Penalty,,Turin,0,2
17/18,UEFA Champions League,18-10-2017,H,FC Barcelona,Olympiacos Piraeus,61,2-00,Direct free kick,,El Pireo,3,1
17/18,UEFA Champions League,20-02-2018,A,FC Barcelona,Chelsea FC,75,1-01,Left-footed shot,Andres Iniesta,Londres,1,1
17/18,UEFA Champions League,14-03-2018,H,FC Barcelona,Chelsea FC,3,1-00,Right-footed shot,Luis Suarez,Londres,3,0
17/18,UEFA Champions League,14-03-2018,H,FC Barcelona,Chelsea FC,63,3-00,Left-footed shot,Luis Suarez,Londres,3,0
17/18,LaLiga,24-02-2018,H,FC Barcelona,Girona FC,30,2-01,Left-footed shot,Luis Suarez,Cataluña,6,1
17/18,LaLiga,24-02-2018,H,FC Barcelona,Girona FC,36,3-01,Direct free kick,,Cataluña,6,1
18/19,LaLiga,23-09-2018,H,FC Barcelona,Girona FC,19,1-00,Left-footed shot,Arturo Vidal,Cataluña,2,2
18/19,LaLiga,27-01-2019,A,FC Barcelona,Girona FC,69,0-02,Left-footed shot,Jordi Alba,Cataluña,0,2
18/19,LaLiga,02-09-2018,H,FC Barcelona,SD Huesca,16,1-01,Right-footed shot,Ivan Rakitic,Aragón,8,2
18/19,LaLiga,02-09-2018,H,FC Barcelona,SD Huesca,61,6-02,Left-footed shot,Philippe Coutinho,Aragón,8,2
20/21,LaLiga,15-03-2021,H,FC Barcelona,SD Huesca,13,1-00,Left-footed shot,Sergio Busquets,Aragón,4,1
20/21,LaLiga,15-03-2021,H,FC Barcelona,SD Huesca,90,4-01,Left-footed shot,Francisco TrincÃ£o,Aragón,4,1
18/19,UEFA Champions League,18-09-2018,H,FC Barcelona,PSV Eindhoven,31,1-00,Direct free kick,,Eindhoven,4,0
18/19,UEFA Champions League,18-09-2018,H,FC Barcelona,PSV Eindhoven,77,3-00,Left-footed shot,Ivan Rakitic,Eindhoven,4,0
18/19,UEFA Champions League,18-09-2018,H,FC Barcelona,PSV Eindhoven,87,4-00,Right-footed shot,Luis Suarez,Eindhoven,4,0
18/19,UEFA Champions League,28-11-2018,A,FC Barcelona,PSV Eindhoven,61,0-01,Left-footed shot,Ousmane Dembele,Eindhoven,1,2
18/19,UEFA Champions League,03-10-2018,A,FC Barcelona,Tottenham Hotspur,56,1-03,Left-footed shot,Jordi Alba,Londres,2,4
18/19,UEFA Champions League,03-10-2018,A,FC Barcelona,Tottenham Hotspur,90,2-04,Left-footed shot,Jordi Alba,Londres,2,4
18/19,UEFA Champions League,01-05-2019,H,FC Barcelona,Liverpool FC,75,2-00,Left-footed shot,Luis Suarez,Liverpool,3,0
18/19,UEFA Champions League,01-05-2019,H,FC Barcelona,Liverpool FC,82,3-00,Direct free kick,,Liverpool,3,0
19/20,UEFA Champions League,23-10-2019,A,FC Barcelona,SK Slavia Prague,3,0-01,Left-footed shot,Arthur,Praga,1,2
19/20,UEFA Champions League,27-11-2019,H,FC Barcelona,Borussia Dortmund,33,2-00,Left-footed shot,Luis Suarez,Dortmund,3,1
19/20,UEFA Champions League,08-08-2020,H,FC Barcelona,SSC Napoli,23,2-00,Left-footed shot,,Nápoles,3,1
20/21,UEFA Champions League,20-10-2020,H,FC Barcelona,Ferencvarosi TC,27,1-00,Penalty,,Budapest,5,1
20/21,LaLiga,21-02-2021,H,FC Barcelona,Cadiz CF,32,1-00,Penalty,,Andalucía,1,1
21/22,UEFA Champions League,19-10-2021,H,Paris Saint-Germain,RB Leipzig,67,2-02,Left-footed shot,Kylian Mbappe,Leipzig,3,2
21/22,UEFA Champions League,19-10-2021,H,Paris Saint-Germain,RB Leipzig,74,3-02,Penalty,,Leipzig,3,2
21/22,Ligue 1,20-11-2021,H,Paris Saint-Germain,FC Nantes,87,3-01,Left-footed shot,Kylian Mbappe,Nantes,3,1
21/22,Trophée des Champions,31-07-2022,H,Paris Saint-Germain,FC Nantes,22,1-00,Right-footed shot,,Nantes,4,0
22/23,Troph�e des Champions,31-07-2022,H,Paris Saint-Germain,FC Nantes,22,1-00,Right-footed shot,,Nantes,4,0
22/23,Ligue 1,04-03-2023,H,Paris Saint-Germain,FC Nantes,12,1-0,Left-footed shot,,Nantes,4,2
21/22,UEFA Champions League,07-12-2021,H,Paris Saint-Germain,Club Brugge KV,38,3-00,Left-footed shot,Kylian Mbappe,Brujas,4,1
21/22,UEFA Champions League,07-12-2021,H,Paris Saint-Germain,Club Brugge KV,76,4-01,Penalty,,Brujas,4,1
21/22,Ligue 1,06-02-2022,A,Paris Saint-Germain,LOSC Lille,38,1-03,Left-footed shot,,Lille,1,5
22/23,Ligue 1,21-08-2022,A,Paris Saint-Germain,LOSC Lille,27,0-02,Right-footed shot,Nuno Mendes,Lille,1,7
22/23,Ligue 1,19-02-2023,H,Paris Saint-Germain,LOSC Lille,90+5,4-3,Direct free kick,	,Lille,4,3
21/22,Ligue 1,03-04-2022,H,Paris Saint-Germain,FC Lorient,73,4-01,Left-footed shot,Kylian Mbappe,Lorient,5,1
21/22,Ligue 1,23-04-2022,H,Paris Saint-Germain,RC Lens,68,1-00,Left-footed shot,Neymar,Lens,1,1
21/22,Ligue 1,06-08-2022,A,Paris Saint-Germain,Clermont Foot,80,0-04,Left-footed shot,Neymar,Clermont,0,5
21/22,Ligue 1,06-08-2022,A,Paris Saint-Germain,Clermont Foot,86,0-05,Left-footed shot,Leandro Paredes,Clermont,0,5
22/23,Ligue 1,06-08-2022,A,Paris Saint-Germain,Clermont Foot,80,0-04,Left-footed shot,Neymar,Clermont,0,5
22/23,Ligue 1,06-08-2022,A,Paris Saint-Germain,Clermont Foot,86,0-05,Left-footed shot,Leandro Paredes,Clermont,0,5
22/23,Champions League,14-09-2022,A,Paris Saint-Germain,Maccabi Haifa,37,1-01,Left-footed shot,,Haifa,1,3
22/23,UEFA Champions League,25-10-2022,H,Paris Saint-Germain,Maccabi Haifa,19,1-0,Left-footed shot,Kylian Mbappe,Haifa,7,2
22/23,UEFA Champions League,25-10-2022,H,Paris Saint-Germain,Maccabi Haifa,44,4-1,Left-footed shot,Kylian Mbappe,Haifa,7,2
22/23,Ligue 1,01-10-2022,H,Paris Saint-Germain,OGC Nice,28,1-0,Direct free kick,,Niza,2,1
22/23,UEFA Champions League,05-10-2022,A,Paris Saint-Germain,SL Benfica,22,0-1,Left-footed shot,Neymar,Lisboa,1,1
22/23,Ligue 1,21-10-2022,A,Paris Saint-Germain,AC Ajaccio,78,0-2,Left-footed shot,Kylian Mbappe,Ajaccio,0,3
22/23,Ligue 1,29-10-2022,H,Paris Saint-Germain,ESTAC Troyes,55,2-2,Left-footed shot,Sergio Ramos,Troyes,4,3
22/23,Ligue 1,11-01-2023,H,Paris Saint-Germain,Angers SCO,72,2-0,Right-footed shot,Nordi Mukiele,Angers,2,0
22/23,Ligue 1,01-02-2023,A,Paris Saint-Germain,Montpellier HSC,72,0-2,Left-footed shot,Fabián Ruiz,Montpellier,1,3
22/23,Ligue 1,01-02-2023,A,Paris Saint-Germain,Montpellier HSC,72,0-2,Left-footed shot,Fabián Ruiz,Montpellier,1,3
22/23,Ligue 1,04-02-2023,H,Paris Saint-Germain,FC Toulouse,58,2-1,Left-footed shot,Achraf Hakimi,Toulouse,2,1
22/23,Ligue 1,26-02-2023,A,Paris Saint-Germain,Olympique Marseille,29,0-2,Right-footed shot,Kylian Mbappé,Marsella,0,3
22/23,Mayor League Soccer,26-08-2023,A,Inter Miami,New York Red Bulls,89,0-2,Left-footed shot,Benja Cremaschi,New York,0,2
22/23,Leagues Cup,20-08-2023,A,Inter Miami,Nashville SC,23,0-1,Left-footed shot,,Tennessee,0,1
22/23,Leagues Cup,15-08-2023,A,Inter Miami,Philadelphia Union,20,0-2,Left-footed shot,Josef Martínez,Pensilvania,0,2
22/23,Leagues Cup,11-08-2023,H,Inter Miami,Charlotte,86,4-0,Left-footed shot,Leonardo Campana,Carolina del Norte,4,0
22/23,Leagues Cup,06-08-2023,A,Inter Miami,FC Dallas,85,4-4,Left-footed shot,,Texas,4,4
22/23,Leagues Cup,06-08-2023,A,Inter Miami,FC Dallas,6,0-1,Left-footed shot,Jordi Alba,Texas,0,1
22/23,Leagues Cup,02-08-2023,H,Inter Miami,Orlando City,72,3-1,Right-footed shot,Josef Martínez,Florida,3,1
22/23,Leagues Cup,02-08-2023,H,Inter Miami,Orlando City,7,1-0,Left-footed shot,Robert Taylor,Florida,1,0
22/23,Leagues Cup,25-07-2023,H,Inter Miami,Atlanta United FC,22,2-0,Right-footed shot,Robert Taylor,Georgia,2,0
22/23,Leagues Cup,25-07-2023,H,Inter Miami,Atlanta United FC,8,1-0,Right-footed shot,,Georgia,1,0
22/23,Leagues Cup,22-07-2023,A,Inter Miami,Cruz Azul,90+4,1-2,Left-footed shot,,Ciudad de México,1,2
